timestamp,open,high,low,close,volume
2025-11-26T00:00:00+00:00,87331,87565,87313,87565,11.87808362
2025-11-26T00:05:00+00:00,87572,87572,87447,87447,6.08933334
2025-11-26T00:10:00+00:00,87442,87499,87413,87427,2.25975358
2025-11-26T00:15:00+00:00,87412,87562,87339,87562,10.28094503
2025-11-26T00:20:00+00:00,87582,87736,87504,87682,7.03467028
2025-11-26T00:25:00+00:00,87681,87682,87493,87597,6.46429377
2025-11-26T00:30:00+00:00,87602,87635,87563,87611,6.08848704
2025-11-26T00:35:00+00:00,87614,87723,87439,87439,8.87860496
2025-11-26T00:40:00+00:00,87439,87513,87361,87504,8.50219865
2025-11-26T00:45:00+00:00,87507,87666,87505,87660,4.16654252
2025-11-26T00:50:00+00:00,87659,87698,87565,87573,7.36297148
2025-11-26T00:55:00+00:00,87573,87590,87451,87535,6.10735186
2025-11-26T01:00:00+00:00,87534,87534,87363,87363,3.20932815
2025-11-26T01:05:00+00:00,87360,87460,87299,87440,4.66056845
2025-11-26T01:10:00+00:00,87433,87501,87377,87471,1.72328387
2025-11-26T01:15:00+00:00,87480,87531,87441,87451,2.17725876
2025-11-26T01:20:00+00:00,87451,87519,87424,87434,1.52685824
2025-11-26T01:25:00+00:00,87430,87622,87397,87533,2.35920506
2025-11-26T01:30:00+00:00,87559,87850,87515,87794,8.72390792
2025-11-26T01:35:00+00:00,87794,87976,87793,87975,15.85120204
2025-11-26T01:40:00+00:00,87975,88181,87950,88044,6.49966727
2025-11-26T01:45:00+00:00,88044,88044,87890,87921,5.63709335
2025-11-26T01:50:00+00:00,87922,87969,87861,87958,1.84157886
2025-11-26T01:55:00+00:00,87957,87957,87823,87885,11.35202171
2025-11-26T02:00:00+00:00,87885,87949,87849,87859,7.07275088
2025-11-26T02:05:00+00:00,87860,87877,87793,87815,2.14662281
2025-11-26T02:10:00+00:00,87815,87991,87815,87956,3.25957975
2025-11-26T02:15:00+00:00,87956,88050,87888,87956,2.12160581
2025-11-26T02:20:00+00:00,87956,87957,87772,87797,1.30967301
2025-11-26T02:25:00+00:00,87788,87809,87725,87770,1.78052099
2025-11-26T02:30:00+00:00,87769,87787,87624,87739,7.59320665
2025-11-26T02:35:00+00:00,87739,87906,87725,87899,4.76427364
2025-11-26T02:40:00+00:00,87899,87927,87819,87851,1.67303053
2025-11-26T02:45:00+00:00,87850,87850,87714,87750,2.89801739
2025-11-26T02:50:00+00:00,87750,87794,87746,87774,1.98964286
2025-11-26T02:55:00+00:00,87774,87776,87642,87678,5.22520731
2025-11-26T03:00:00+00:00,87695,87717,87642,87663,3.34357382
2025-11-26T03:05:00+00:00,87663,87706,87662,87667,1.98733739
2025-11-26T03:10:00+00:00,87665,87739,87645,87666,2.18800223
2025-11-26T03:15:00+00:00,87665,87736,87625,87718,2.95811802
2025-11-26T03:20:00+00:00,87719,87854,87707,87808,2.19961518
2025-11-26T03:25:00+00:00,87812,87841,87769,87782,2.26104539
2025-11-26T03:30:00+00:00,87760,87760,87423,87425,7.73844313
2025-11-26T03:35:00+00:00,87426,87448,87337,87412,2.09530967
2025-11-26T03:40:00+00:00,87412,87412,87241,87324,47.36780866
2025-11-26T03:45:00+00:00,87336,87336,87219,87232,3.54331122
2025-11-26T03:50:00+00:00,87241,87241,87052,87053,11.20958429
2025-11-26T03:55:00+00:00,87065,87123,87042,87083,8.04316296
2025-11-26T04:00:00+00:00,87087,87254,87087,87203,3.07167198
2025-11-26T04:05:00+00:00,87190,87190,86928,86962,9.11936544
2025-11-26T04:10:00+00:00,86959,86959,86876,86877,5.7163634
2025-11-26T04:15:00+00:00,86874,86977,86874,86927,2.55232353
2025-11-26T04:20:00+00:00,86952,87101,86947,87100,3.35005387
2025-11-26T04:25:00+00:00,87095,87215,87042,87206,1.03586047
2025-11-26T04:30:00+00:00,87207,87272,87170,87225,1.90576791
2025-11-26T04:35:00+00:00,87228,87317,87228,87308,3.65521482
2025-11-26T04:40:00+00:00,87309,87329,87219,87235,1.60148738
2025-11-26T04:45:00+00:00,87237,87295,87153,87155,11.06734058
2025-11-26T04:50:00+00:00,87155,87199,87144,87196,1.59883805
2025-11-26T04:55:00+00:00,87196,87239,87195,87196,0.73769037
2025-11-26T05:00:00+00:00,87188,87283,87184,87283,3.96597567
2025-11-26T05:05:00+00:00,87283,87425,87282,87373,8.92360573
2025-11-26T05:10:00+00:00,87369,87400,87350,87380,0.76112327
2025-11-26T05:15:00+00:00,87380,87492,87380,87492,34.65113206
2025-11-26T05:20:00+00:00,87491,87659,87449,87492,13.07879038
2025-11-26T05:25:00+00:00,87491,87509,87438,87509,1.3219227
2025-11-26T05:30:00+00:00,87514,87641,87514,87603,3.51461771
2025-11-26T05:35:00+00:00,87602,87666,87599,87666,0.89340745
2025-11-26T05:40:00+00:00,87667,87704,87583,87588,3.78838048
2025-11-26T05:45:00+00:00,87591,87591,87502,87559,3.37580906
2025-11-26T05:50:00+00:00,87559,87567,87475,87567,0.60307903
2025-11-26T05:55:00+00:00,87564,87605,87436,87480,0.31742971
2025-11-26T06:00:00+00:00,87465,87545,87417,87524,4.08241564
2025-11-26T06:05:00+00:00,87577,87655,87525,87655,0.70581945
2025-11-26T06:10:00+00:00,87655,87660,87524,87608,4.23810772
2025-11-26T06:15:00+00:00,87608,87624,87453,87481,8.81413124
2025-11-26T06:20:00+00:00,87486,87561,87454,87536,2.53932198
2025-11-26T06:25:00+00:00,87535,87576,87501,87576,3.26927129
2025-11-26T06:30:00+00:00,87575,87575,87427,87438,2.33988145
2025-11-26T06:35:00+00:00,87439,87577,87439,87575,1.70333122
2025-11-26T06:40:00+00:00,87575,87646,87545,87639,2.63852738
2025-11-26T06:45:00+00:00,87640,87646,87559,87641,1.54061295
2025-11-26T06:50:00+00:00,87641,87807,87619,87784,10.79986289
2025-11-26T06:55:00+00:00,87768,87829,87768,87780,2.58373893
2025-11-26T07:00:00+00:00,87759,87817,87711,87717,7.51353365
2025-11-26T07:05:00+00:00,87720,87749,87656,87726,4.04735004
2025-11-26T07:10:00+00:00,87725,87780,87696,87780,2.38445085
2025-11-26T07:15:00+00:00,87780,87839,87747,87759,3.87966398
2025-11-26T07:20:00+00:00,87734,87788,87694,87757,1.69154971
2025-11-26T07:25:00+00:00,87757,87765,87725,87765,2.63309826
2025-11-26T07:30:00+00:00,87751,87762,87686,87762,2.95316974
2025-11-26T07:35:00+00:00,87761,87761,87686,87720,3.86355935
2025-11-26T07:40:00+00:00,87701,87761,87683,87760,0.69428393
2025-11-26T07:45:00+00:00,87751,87826,87707,87812,0.49032821
2025-11-26T07:50:00+00:00,87812,87813,87751,87757,14.38604361
2025-11-26T07:55:00+00:00,87756,87932,87738,87907,5.43375154
2025-11-26T08:00:00+00:00,87906,87907,87773,87789,6.63931996
2025-11-26T08:05:00+00:00,87788,87798,87662,87662,1.93121865
2025-11-26T08:10:00+00:00,87662,87684,87549,87575,1.85771396
2025-11-26T08:15:00+00:00,87575,87641,87473,87521,5.43511941
2025-11-26T08:20:00+00:00,87523,87539,87512,87526,3.1801181
2025-11-26T08:25:00+00:00,87520,87556,87493,87514,5.74003992
2025-11-26T08:30:00+00:00,87515,87585,87483,87483,4.18992715
2025-11-26T08:35:00+00:00,87476,87513,87424,87456,4.84813993
2025-11-26T08:40:00+00:00,87467,87533,87467,87503,2.88582506
2025-11-26T08:45:00+00:00,87503,87533,87474,87527,1.58306559
2025-11-26T08:50:00+00:00,87532,87532,87426,87426,2.4139223
2025-11-26T08:55:00+00:00,87418,87423,87383,87389,0.91056397
2025-11-26T09:00:00+00:00,87381,87408,87345,87381,3.75407698
2025-11-26T09:05:00+00:00,87381,87393,87282,87282,7.20622188
2025-11-26T09:10:00+00:00,87282,87389,87282,87328,1.696333
2025-11-26T09:15:00+00:00,87328,87328,87240,87278,29.1171007
2025-11-26T09:20:00+00:00,87277,87277,87086,87171,13.24394071
2025-11-26T09:25:00+00:00,87171,87171,87077,87095,0.70927399
2025-11-26T09:30:00+00:00,87080,87096,86948,86948,10.63370841
2025-11-26T09:35:00+00:00,86948,87024,86917,86956,25.99769997
2025-11-26T09:40:00+00:00,86937,86937,86908,86935,3.06922049
2025-11-26T09:45:00+00:00,86926,86933,86792,86807,7.61603504
2025-11-26T09:50:00+00:00,86818,86834,86750,86750,9.61404297
2025-11-26T09:55:00+00:00,86750,86800,86729,86797,9.32305346
2025-11-26T10:00:00+00:00,86797,87029,86797,87006,5.39335801
2025-11-26T10:05:00+00:00,87006,87006,86895,86964,4.94510013
2025-11-26T10:10:00+00:00,86958,86966,86864,86895,1.18614574
2025-11-26T10:15:00+00:00,86887,86891,86842,86842,2.67904804
2025-11-26T10:20:00+00:00,86802,86828,86763,86766,3.45104222
2025-11-26T10:25:00+00:00,86761,86842,86755,86839,2.57210143
2025-11-26T10:30:00+00:00,86838,86838,86657,86688,9.32110452
2025-11-26T10:35:00+00:00,86682,86783,86642,86773,6.30301149
2025-11-26T10:40:00+00:00,86773,86902,86773,86853,3.6701317
2025-11-26T10:45:00+00:00,86846,86858,86765,86858,6.55240555
2025-11-26T10:50:00+00:00,86850,86946,86832,86939,5.91337207
2025-11-26T10:55:00+00:00,86939,86962,86905,86915,1.71227402
2025-11-26T11:00:00+00:00,86915,86915,86813,86853,3.76339372
2025-11-26T11:05:00+00:00,86853,86956,86836,86920,1.89710686
2025-11-26T11:10:00+00:00,86921,86996,86921,86956,10.42027909
2025-11-26T11:15:00+00:00,86956,86975,86868,86893,50.21637672
2025-11-26T11:20:00+00:00,86893,86899,86859,86868,3.86454777
2025-11-26T11:25:00+00:00,86860,86907,86841,86868,3.28895433
2025-11-26T11:30:00+00:00,86868,86922,86847,86883,3.87181178
2025-11-26T11:35:00+00:00,86883,86944,86868,86894,7.69266534
2025-11-26T11:40:00+00:00,86882,87045,86882,87036,3.37493531
2025-11-26T11:45:00+00:00,87038,87083,86951,86951,1.38308697
2025-11-26T11:50:00+00:00,86951,87028,86940,87027,0.61933872
2025-11-26T11:55:00+00:00,87033,87083,87015,87083,0.47432271
2025-11-26T12:00:00+00:00,87083,87136,86730,86730,15.89472112
2025-11-26T12:05:00+00:00,86730,86849,86708,86758,9.21308808
2025-11-26T12:10:00+00:00,86759,86759,86564,86564,13.07053255
2025-11-26T12:15:00+00:00,86563,86596,86407,86411,18.22256971
2025-11-26T12:20:00+00:00,86407,86483,86304,86461,4.90140108
2025-11-26T12:25:00+00:00,86454,86508,86427,86503,0.97794821
2025-11-26T12:30:00+00:00,86504,86508,86427,86455,1.69661328
2025-11-26T12:35:00+00:00,86437,86573,86426,86555,0.97024436
2025-11-26T12:40:00+00:00,86555,86655,86534,86604,8.05648159
2025-11-26T12:45:00+00:00,86604,86699,86586,86588,6.03699445
2025-11-26T12:50:00+00:00,86588,86639,86582,86639,3.71609069
2025-11-26T12:55:00+00:00,86642,86680,86621,86633,1.03447042
2025-11-26T13:00:00+00:00,86629,86672,86551,86585,4.43397513
2025-11-26T13:05:00+00:00,86619,86673,86595,86601,1.8174304
2025-11-26T13:10:00+00:00,86601,86643,86563,86569,1.03993026
2025-11-26T13:15:00+00:00,86568,86666,86559,86653,1.98406175
2025-11-26T13:20:00+00:00,86650,86744,86650,86725,1.06200074
2025-11-26T13:25:00+00:00,86726,86802,86691,86695,25.68230334
2025-11-26T13:30:00+00:00,86687,86759,86556,86588,6.18874405
2025-11-26T13:35:00+00:00,86598,86896,86598,86896,31.66257532
2025-11-26T13:40:00+00:00,86896,87063,86896,86975,32.57911331
2025-11-26T13:45:00+00:00,86974,87002,86910,86970,3.76686052
2025-11-26T13:50:00+00:00,86978,87058,86922,86964,3.43820605
2025-11-26T13:55:00+00:00,86957,87104,86954,87094,6.95266464
2025-11-26T14:00:00+00:00,87093,87093,86926,86991,4.37794594
2025-11-26T14:05:00+00:00,87000,87067,86971,86994,9.62126369
2025-11-26T14:10:00+00:00,86987,87307,86982,87283,15.96435787
2025-11-26T14:15:00+00:00,87284,87284,87179,87218,7.13228575
2025-11-26T14:20:00+00:00,87189,87320,87189,87250,3.44690474
2025-11-26T14:25:00+00:00,87251,87314,87231,87288,2.75069721
2025-11-26T14:30:00+00:00,87288,87428,87044,87136,18.74292634
2025-11-26T14:35:00+00:00,87136,87346,87125,87321,10.06029081
2025-11-26T14:40:00+00:00,87332,87513,87197,87261,13.87835761
2025-11-26T14:45:00+00:00,87270,87580,87263,87580,12.44896129
2025-11-26T14:50:00+00:00,87581,87641,87169,87169,19.66272893
2025-11-26T14:55:00+00:00,87169,87240,86795,86870,49.04563237
2025-11-26T15:00:00+00:00,86883,87110,86840,87033,8.14337686
2025-11-26T15:05:00+00:00,87025,87214,86915,87145,8.04433583
2025-11-26T15:10:00+00:00,87146,87174,86966,87002,5.64183643
2025-11-26T15:15:00+00:00,87002,87194,86864,87030,10.22138545
2025-11-26T15:20:00+00:00,87031,87055,86871,86933,17.01307575
2025-11-26T15:25:00+00:00,86931,87303,86931,87233,7.66738704
2025-11-26T15:30:00+00:00,87233,87323,87091,87092,10.94948016
2025-11-26T15:35:00+00:00,87098,87185,87040,87092,9.63212718
2025-11-26T15:40:00+00:00,87082,87132,86862,86862,15.34730039
2025-11-26T15:45:00+00:00,86856,86856,86665,86791,40.39423142
2025-11-26T15:50:00+00:00,86774,86976,86731,86913,10.73030767
2025-11-26T15:55:00+00:00,86913,86968,86851,86938,16.92584127
2025-11-26T16:00:00+00:00,86938,87197,86937,87196,35.84564602
2025-11-26T16:05:00+00:00,87196,87366,87178,87307,14.35074476
2025-11-26T16:10:00+00:00,87311,87539,87311,87529,20.10198576
2025-11-26T16:15:00+00:00,87529,87814,87529,87594,19.13220651
2025-11-26T16:20:00+00:00,87594,87717,87594,87676,18.01217138
2025-11-26T16:25:00+00:00,87670,87731,87560,87564,9.98249656
2025-11-26T16:30:00+00:00,87564,87721,87547,87718,10.80554323
2025-11-26T16:35:00+00:00,87719,87902,87719,87787,20.09699031
2025-11-26T16:40:00+00:00,87781,87785,87569,87581,7.07230738
2025-11-26T16:45:00+00:00,87581,87703,87577,87628,16.60991871
2025-11-26T16:50:00+00:00,87623,87646,87473,87607,13.85787098
2025-11-26T16:55:00+00:00,87607,87827,87607,87796,9.50952179
2025-11-26T17:00:00+00:00,87796,87889,87730,87752,11.72294151
2025-11-26T17:05:00+00:00,87752,87902,87752,87833,11.92163316
2025-11-26T17:10:00+00:00,87833,87945,87833,87845,13.82323475
2025-11-26T17:15:00+00:00,87846,87871,87713,87713,10.69498554
2025-11-26T17:20:00+00:00,87704,87929,87693,87928,7.85935922
2025-11-26T17:25:00+00:00,87929,88760,87929,88645,77.18356921
2025-11-26T17:30:00+00:00,88641,88995,88533,88959,31.03367946
2025-11-26T17:35:00+00:00,88959,89145,88945,89051,55.58511749
2025-11-26T17:40:00+00:00,89052,89477,89052,89477,28.5447958
2025-11-26T17:45:00+00:00,89477,89854,89469,89752,44.53565548
2025-11-26T17:50:00+00:00,89740,89760,89507,89652,23.70662419
2025-11-26T17:55:00+00:00,89652,89940,89606,89814,71.54264797
2025-11-26T18:00:00+00:00,89814,89962,89781,89781,53.90630487
2025-11-26T18:05:00+00:00,89782,90081,89677,89778,45.77626589
2025-11-26T18:10:00+00:00,89778,90050,89741,90038,28.52894342
2025-11-26T18:15:00+00:00,90038,90346,90038,90225,33.23484774
2025-11-26T18:20:00+00:00,90217,90253,90062,90213,15.36551032
2025-11-26T18:25:00+00:00,90208,90394,90176,90324,27.6108964
2025-11-26T18:30:00+00:00,90329,90358,89927,89927,11.45512577
2025-11-26T18:35:00+00:00,89927,90025,89779,89827,58.28819212
2025-11-26T18:40:00+00:00,89828,90016,89704,89718,32.57759073
2025-11-26T18:45:00+00:00,89717,90029,89713,90024,10.92253613
2025-11-26T18:50:00+00:00,90024,90083,89968,90018,17.07360782
2025-11-26T18:55:00+00:00,90017,90140,89973,90132,15.80816212
2025-11-26T19:00:00+00:00,90132,90170,89933,89933,14.38621863
2025-11-26T19:05:00+00:00,89925,89983,89866,89944,11.15122493
2025-11-26T19:10:00+00:00,89944,90031,89741,89794,30.22028531
2025-11-26T19:15:00+00:00,89794,89986,89740,89966,7.94866657
2025-11-26T19:20:00+00:00,89965,90008,89730,89747,16.57915048
2025-11-26T19:25:00+00:00,89742,89836,89718,89789,9.9315346
2025-11-26T19:30:00+00:00,89789,89890,89765,89889,13.08878948
2025-11-26T19:35:00+00:00,89888,89896,89741,89867,24.74587842
2025-11-26T19:40:00+00:00,89868,90026,89816,89858,17.1021873
2025-11-26T19:45:00+00:00,89858,89877,89795,89798,9.93316323
2025-11-26T19:50:00+00:00,89798,90019,89796,89979,5.39305495
2025-11-26T19:55:00+00:00,89978,90036,89915,89943,6.11559771
2025-11-26T20:00:00+00:00,89942,89943,89773,89773,10.49221821
2025-11-26T20:05:00+00:00,89755,89755,89497,89616,12.24464535
2025-11-26T20:10:00+00:00,89616,89986,89616,89961,4.87362605
2025-11-26T20:15:00+00:00,89961,90011,89835,89835,8.40037706
2025-11-26T20:20:00+00:00,89834,89997,89786,89997,19.42509885
2025-11-26T20:25:00+00:00,89997,90070,89950,89989,35.17747392
2025-11-26T20:30:00+00:00,89984,90044,89846,89856,11.64863366
2025-11-26T20:35:00+00:00,89852,89955,89833,89887,7.01521248
2025-11-26T20:40:00+00:00,89887,89894,89658,89668,18.57782388
2025-11-26T20:45:00+00:00,89646,89741,89619,89683,18.19407884
2025-11-26T20:50:00+00:00,89682,89912,89653,89886,14.63863635
2025-11-26T20:55:00+00:00,89886,89930,89847,89867,16.28761335
2025-11-26T21:00:00+00:00,89860,90011,89860,89964,13.83449173
2025-11-26T21:05:00+00:00,89954,89954,89825,89865,8.27868847
2025-11-26T21:10:00+00:00,89865,89887,89833,89842,4.04060016
2025-11-26T21:15:00+00:00,89827,89930,89805,89830,10.65563806
2025-11-26T21:20:00+00:00,89826,90004,89802,90003,11.48884308
2025-11-26T21:25:00+00:00,90004,90264,90004,90254,33.84078696
2025-11-26T21:30:00+00:00,90254,90445,90216,90216,25.45977734
2025-11-26T21:35:00+00:00,90216,90330,90140,90218,21.58840408
2025-11-26T21:40:00+00:00,90218,90260,90152,90219,11.72132825
2025-11-26T21:45:00+00:00,90219,90365,90219,90365,11.09179313
2025-11-26T21:50:00+00:00,90366,90366,90274,90274,5.88393227
2025-11-26T21:55:00+00:00,90274,90281,90157,90172,10.30832975
2025-11-26T22:00:00+00:00,90181,90193,90113,90167,7.04959941
2025-11-26T22:05:00+00:00,90152,90313,90118,90285,9.28447665
2025-11-26T22:10:00+00:00,90285,90646,90284,90315,28.87286006
2025-11-26T22:15:00+00:00,90310,90411,90276,90411,4.5627169
2025-11-26T22:20:00+00:00,90426,90522,90266,90266,15.16834528
2025-11-26T22:25:00+00:00,90266,90368,90198,90316,4.74654088
2025-11-26T22:30:00+00:00,90316,90355,90231,90266,6.59424235
2025-11-26T22:35:00+00:00,90265,90275,90184,90275,6.71973356
2025-11-26T22:40:00+00:00,90274,90294,90222,90230,4.97280488
2025-11-26T22:45:00+00:00,90230,90299,90202,90298,11.24896855
2025-11-26T22:50:00+00:00,90298,90298,90248,90248,3.78946722
2025-11-26T22:55:00+00:00,90248,90441,90247,90371,8.96546642
2025-11-26T23:00:00+00:00,90367,90497,90332,90485,4.44357718
2025-11-26T23:05:00+00:00,90485,90545,90461,90489,10.69696979
2025-11-26T23:10:00+00:00,90489,90588,90487,90499,4.88081733
2025-11-26T23:15:00+00:00,90499,90499,90388,90389,7.30430467
2025-11-26T23:20:00+00:00,90389,90501,90389,90484,3.23647016
2025-11-26T23:25:00+00:00,90484,90484,90325,90325,9.51238881
2025-11-26T23:30:00+00:00,90325,90383,90299,90359,3.1605801
2025-11-26T23:35:00+00:00,90359,90376,90324,90348,8.31371206
2025-11-26T23:40:00+00:00,90348,90437,90343,90391,3.14816309
2025-11-26T23:45:00+00:00,90391,90565,90391,90565,6.15674687
2025-11-26T23:50:00+00:00,90564,90564,90485,90500,7.63762863
2025-11-26T23:55:00+00:00,90495,90506,90477,90477,1.04955215
2025-11-27T00:00:00+00:00,90476,90525,90395,90404,11.08662877
2025-11-27T00:05:00+00:00,90404,90404,90251,90251,2.23059776
2025-11-27T00:10:00+00:00,90251,90291,90110,90156,15.21755925
2025-11-27T00:15:00+00:00,90156,90227,90091,90227,21.48912286
2025-11-27T00:20:00+00:00,90227,90244,90156,90168,4.14791217
2025-11-27T00:25:00+00:00,90168,90247,90168,90209,6.1382627
2025-11-27T00:30:00+00:00,90206,90319,90206,90318,2.21693826
2025-11-27T00:35:00+00:00,90318,90351,90270,90294,1.85406855
2025-11-27T00:40:00+00:00,90294,90374,90294,90351,11.62007429
2025-11-27T00:45:00+00:00,90351,90547,90344,90514,35.41567108
2025-11-27T00:50:00+00:00,90524,90557,90403,90475,8.61942359
2025-11-27T00:55:00+00:00,90482,90521,90451,90464,3.61359805
2025-11-27T01:00:00+00:00,90455,90634,90374,90634,10.64922428
2025-11-27T01:05:00+00:00,90634,90921,90634,90784,28.85469303
2025-11-27T01:10:00+00:00,90779,90779,90549,90676,6.84877909
2025-11-27T01:15:00+00:00,90656,91576,90602,90701,69.22135589
2025-11-27T01:20:00+00:00,90701,90705,90599,90668,55.85041
2025-11-27T01:25:00+00:00,90682,90751,90677,90723,5.41107842
2025-11-27T01:30:00+00:00,90702,90757,90589,90636,11.54917614
2025-11-27T01:35:00+00:00,90641,90683,90622,90643,1.24243378
2025-11-27T01:40:00+00:00,90642,90722,90636,90695,3.99052518
2025-11-27T01:45:00+00:00,90695,90731,90636,90640,9.32776352
2025-11-27T01:50:00+00:00,90647,90730,90639,90694,4.50953791
2025-11-27T01:55:00+00:00,90694,91212,90694,91149,25.67375991
2025-11-27T02:00:00+00:00,91149,91200,90907,90928,13.33209378
2025-11-27T02:05:00+00:00,90928,91098,90881,91063,7.16405706
2025-11-27T02:10:00+00:00,91063,91122,90968,91024,9.39348318
2025-11-27T02:15:00+00:00,91025,91112,90996,91077,2.90234304
2025-11-27T02:20:00+00:00,91077,91277,91077,91129,18.15421293
2025-11-27T02:25:00+00:00,91129,91473,91108,91457,28.2099231
2025-11-27T02:30:00+00:00,91451,91585,91374,91374,22.52192389
2025-11-27T02:35:00+00:00,91373,91585,91350,91546,9.24225033
2025-11-27T02:40:00+00:00,91555,91834,91540,91808,18.01081799
2025-11-27T02:45:00+00:00,91807,91838,91633,91783,20.17481657
2025-11-27T02:50:00+00:00,91785,91871,91619,91623,12.56057183
2025-11-27T02:55:00+00:00,91622,91677,91344,91345,38.48698251
2025-11-27T03:00:00+00:00,91370,91400,91300,91376,10.79829053
2025-11-27T03:05:00+00:00,91378,91592,91321,91460,6.49047833
2025-11-27T03:10:00+00:00,91447,91485,91325,91362,3.7694488
2025-11-27T03:15:00+00:00,91355,91574,91309,91532,4.18447099
2025-11-27T03:20:00+00:00,91533,91591,91453,91472,5.25305468
2025-11-27T03:25:00+00:00,91472,91473,91324,91328,5.19125137
2025-11-27T03:30:00+00:00,91328,91328,91111,91111,14.55162013
2025-11-27T03:35:00+00:00,91117,91240,91105,91191,4.1609102
2025-11-27T03:40:00+00:00,91191,91241,91085,91154,15.28458501
2025-11-27T03:45:00+00:00,91158,91177,91048,91091,8.87045809
2025-11-27T03:50:00+00:00,91092,91173,91078,91168,3.93370965
2025-11-27T03:55:00+00:00,91141,91209,91069,91076,3.34146561
2025-11-27T04:00:00+00:00,91077,91107,91055,91082,4.11821075
2025-11-27T04:05:00+00:00,91081,91167,91080,91167,2.6803171
2025-11-27T04:10:00+00:00,91169,91335,91161,91273,6.83160426
2025-11-27T04:15:00+00:00,91282,91328,91199,91199,1.72840884
2025-11-27T04:20:00+00:00,91199,91227,91184,91220,2.1389253
2025-11-27T04:25:00+00:00,91220,91334,91115,91122,0.94945844
2025-11-27T04:30:00+00:00,91099,91171,91073,91101,6.00253425
2025-11-27T04:35:00+00:00,91112,91286,91112,91240,6.48616196
2025-11-27T04:40:00+00:00,91228,91228,91125,91153,3.57292942
2025-11-27T04:45:00+00:00,91161,91252,91161,91237,4.11085022
2025-11-27T04:50:00+00:00,91229,91279,91174,91248,7.29063988
2025-11-27T04:55:00+00:00,91248,91297,91234,91268,4.79546179
2025-11-27T05:00:00+00:00,91264,91269,91144,91246,7.74449752
2025-11-27T05:05:00+00:00,91245,91318,91196,91196,0.72599746
2025-11-27T05:10:00+00:00,91196,91305,91181,91289,1.53622783
2025-11-27T05:15:00+00:00,91289,91300,91234,91235,0.92790268
2025-11-27T05:20:00+00:00,91235,91491,91235,91488,3.39176428
2025-11-27T05:25:00+00:00,91475,91523,91432,91477,26.41674861
2025-11-27T05:30:00+00:00,91476,91476,91344,91349,4.67412712
2025-11-27T05:35:00+00:00,91349,91349,91106,91156,5.48663522
2025-11-27T05:40:00+00:00,91154,91154,90894,90955,37.83531867
2025-11-27T05:45:00+00:00,90952,91074,90934,91016,1.63594615
2025-11-27T05:50:00+00:00,91015,91015,90915,90977,1.25279545
2025-11-27T05:55:00+00:00,91011,91011,90935,90957,0.90262202
2025-11-27T06:00:00+00:00,90963,91046,90963,90987,0.96532311
2025-11-27T06:05:00+00:00,90987,91108,90987,91108,0.84973364
2025-11-27T06:10:00+00:00,91119,91278,91119,91271,7.28394088
2025-11-27T06:15:00+00:00,91271,91345,91212,91217,4.3579627
2025-11-27T06:20:00+00:00,91216,91322,91214,91322,2.78988704
2025-11-27T06:25:00+00:00,91323,91378,91322,91363,23.06044566
2025-11-27T06:30:00+00:00,91363,91372,91336,91349,2.1612338
2025-11-27T06:35:00+00:00,91349,91430,91330,91381,5.63958081
2025-11-27T06:40:00+00:00,91371,91371,91270,91323,4.27702552
2025-11-27T06:45:00+00:00,91323,91358,91293,91301,1.41743556
2025-11-27T06:50:00+00:00,91301,91301,91186,91196,1.41707389
2025-11-27T06:55:00+00:00,91196,91262,91196,91219,1.77907346
2025-11-27T07:00:00+00:00,91229,91268,91125,91145,5.21937583
2025-11-27T07:05:00+00:00,91145,91244,91145,91228,1.95966857
2025-11-27T07:10:00+00:00,91229,91312,91229,91265,4.0572521
2025-11-27T07:15:00+00:00,91265,91353,91233,91352,1.8523086
2025-11-27T07:20:00+00:00,91353,91372,91328,91363,4.52568105
2025-11-27T07:25:00+00:00,91363,91454,91363,91445,10.98948753
2025-11-27T07:30:00+00:00,91444,91444,91360,91431,7.5076615
2025-11-27T07:35:00+00:00,91435,91442,91385,91393,3.61740172
2025-11-27T07:40:00+00:00,91392,91393,91358,91360,2.54059571
2025-11-27T07:45:00+00:00,91359,91434,91341,91430,2.93025263
2025-11-27T07:50:00+00:00,91430,91485,91412,91412,4.01178131
2025-11-27T07:55:00+00:00,91411,91417,91385,91404,4.13392683
2025-11-27T08:00:00+00:00,91404,91515,91368,91375,7.29992778
2025-11-27T08:05:00+00:00,91373,91443,91342,91343,6.24487528
2025-11-27T08:10:00+00:00,91343,91343,91224,91236,4.9129864
2025-11-27T08:15:00+00:00,91247,91294,91247,91263,3.86588731
2025-11-27T08:20:00+00:00,91263,91377,91255,91361,2.62440684
2025-11-27T08:25:00+00:00,91351,91380,91337,91361,1.40172227
2025-11-27T08:30:00+00:00,91361,91361,91283,91337,3.23352337
2025-11-27T08:35:00+00:00,91336,91440,91336,91405,1.39736985
2025-11-27T08:40:00+00:00,91398,91398,91353,91384,1.27067024
2025-11-27T08:45:00+00:00,91384,91443,91377,91380,3.43213683
2025-11-27T08:50:00+00:00,91380,91507,91380,91507,7.78667475
2025-11-27T08:55:00+00:00,91507,91519,91495,91495,3.05666791
2025-11-27T09:00:00+00:00,91490,91518,91480,91514,3.36663837
2025-11-27T09:05:00+00:00,91502,91529,91496,91499,2.4250197
2025-11-27T09:10:00+00:00,91498,91529,91498,91513,1.28649697
2025-11-27T09:15:00+00:00,91513,91766,91513,91754,12.84279503
2025-11-27T09:20:00+00:00,91754,91754,91629,91642,2.33040557
2025-11-27T09:25:00+00:00,91645,91708,91608,91618,2.46016368
2025-11-27T09:30:00+00:00,91619,91858,91618,91787,8.89278558
2025-11-27T09:35:00+00:00,91787,91926,91772,91825,9.07574803
2025-11-27T09:40:00+00:00,91833,91870,91806,91808,1.34377941
2025-11-27T09:45:00+00:00,91806,91806,91677,91677,4.14117403
2025-11-27T09:50:00+00:00,91672,91672,91574,91597,1.35756732
2025-11-27T09:55:00+00:00,91597,91598,91558,91569,0.69536424
2025-11-27T10:00:00+00:00,91568,91582,91558,91572,0.42360276
2025-11-27T10:05:00+00:00,91581,91700,91581,91644,3.88450002
2025-11-27T10:10:00+00:00,91643,91682,91588,91599,0.54523314
2025-11-27T10:15:00+00:00,91595,91713,91595,91713,0.7051809
2025-11-27T10:20:00+00:00,91713,91739,91699,91710,2.08758573
2025-11-27T10:25:00+00:00,91710,91711,91655,91655,1.11146198
2025-11-27T10:30:00+00:00,91654,91654,91387,91391,32.17023644
2025-11-27T10:35:00+00:00,91392,91449,91366,91426,1.09119806
2025-11-27T10:40:00+00:00,91437,91604,91435,91579,1.48798021
2025-11-27T10:45:00+00:00,91580,91595,91501,91527,6.19837987
2025-11-27T10:50:00+00:00,91529,91597,91505,91597,2.17716455
2025-11-27T10:55:00+00:00,91600,91671,91600,91616,2.26709329
2025-11-27T11:00:00+00:00,91615,91615,91583,91605,0.82014364
2025-11-27T11:05:00+00:00,91605,91620,91518,91521,3.65950115
2025-11-27T11:10:00+00:00,91519,91543,91519,91536,0.64602259
2025-11-27T11:15:00+00:00,91543,91569,91523,91524,5.14885091
2025-11-27T11:20:00+00:00,91523,91523,91412,91423,6.23392733
2025-11-27T11:25:00+00:00,91423,91475,91376,91376,4.10501689
2025-11-27T11:30:00+00:00,91377,91442,91322,91407,3.8585159
2025-11-27T11:35:00+00:00,91406,91450,91391,91449,1.18465465
2025-11-27T11:40:00+00:00,91449,91471,91415,91471,0.29503725
2025-11-27T11:45:00+00:00,91471,91471,91420,91420,1.59347023
2025-11-27T11:50:00+00:00,91420,91446,91418,91422,1.84150843
2025-11-27T11:55:00+00:00,91427,91443,91368,91386,0.25399461
2025-11-27T12:00:00+00:00,91385,91437,91333,91361,1.83898407
2025-11-27T12:05:00+00:00,91362,91394,91321,91356,2.02611185
2025-11-27T12:10:00+00:00,91357,91449,91357,91406,6.62062229
2025-11-27T12:15:00+00:00,91406,91424,91271,91312,5.48768584
2025-11-27T12:20:00+00:00,91311,91318,91207,91312,7.49511153
2025-11-27T12:25:00+00:00,91299,91331,91279,91280,0.30963151
2025-11-27T12:30:00+00:00,91279,91356,91266,91319,0.63459835
2025-11-27T12:35:00+00:00,91319,91319,91194,91194,2.28427541
2025-11-27T12:40:00+00:00,91193,91193,91110,91110,5.0565496
2025-11-27T12:45:00+00:00,91115,91214,91102,91201,3.00047607
2025-11-27T12:50:00+00:00,91201,91201,90961,90971,12.61172936
2025-11-27T12:55:00+00:00,90970,91037,90939,90970,11.26955624
2025-11-27T13:00:00+00:00,90983,91067,90950,91000,1.09160382
2025-11-27T13:05:00+00:00,90999,90999,90896,90908,5.51248983
2025-11-27T13:10:00+00:00,90897,90897,90743,90797,11.47514393
2025-11-27T13:15:00+00:00,90815,90858,90504,90584,45.57257408
2025-11-27T13:20:00+00:00,90577,90577,90449,90515,15.02823873
2025-11-27T13:25:00+00:00,90530,90729,90519,90716,17.41561373
2025-11-27T13:30:00+00:00,90706,90804,90560,90566,11.96414076
2025-11-27T13:35:00+00:00,90572,90830,90480,90761,45.31201319
2025-11-27T13:40:00+00:00,90749,90830,90745,90808,4.35251703
2025-11-27T13:45:00+00:00,90807,90884,90696,90816,6.70483034
2025-11-27T13:50:00+00:00,90818,91004,90801,90970,8.60046903
2025-11-27T13:55:00+00:00,90976,90978,90842,90842,4.5586847
2025-11-27T14:00:00+00:00,90843,90880,90790,90840,3.52357165
2025-11-27T14:05:00+00:00,90840,90883,90775,90837,3.33051768
2025-11-27T14:10:00+00:00,90847,90862,90765,90828,4.48702726
2025-11-27T14:15:00+00:00,90827,90827,90654,90654,1.89174472
2025-11-27T14:20:00+00:00,90666,90732,90623,90713,3.58173866
2025-11-27T14:25:00+00:00,90704,90960,90704,90938,2.16683816
2025-11-27T14:30:00+00:00,90937,90950,90829,90865,6.3163358
2025-11-27T14:35:00+00:00,90864,90864,90681,90697,9.48374401
2025-11-27T14:40:00+00:00,90658,90761,90569,90737,34.51360599
2025-11-27T14:45:00+00:00,90729,90771,90639,90703,3.6012441
2025-11-27T14:50:00+00:00,90701,90818,90659,90766,0.93558195
2025-11-27T14:55:00+00:00,90765,90828,90713,90778,4.99401212
2025-11-27T15:00:00+00:00,90778,90946,90737,90946,1.88106222
2025-11-27T15:05:00+00:00,90940,90942,90625,90647,9.65265845
2025-11-27T15:10:00+00:00,90645,90712,90645,90678,1.78624387
2025-11-27T15:15:00+00:00,90678,90875,90678,90812,13.42823613
2025-11-27T15:20:00+00:00,90811,90912,90800,90876,1.14477445
2025-11-27T15:25:00+00:00,90876,90947,90863,90913,3.95809996
2025-11-27T15:30:00+00:00,90913,90929,90801,90812,3.44438159
2025-11-27T15:35:00+00:00,90812,90948,90812,90822,5.16000876
2025-11-27T15:40:00+00:00,90827,90879,90761,90873,3.94222333
2025-11-27T15:45:00+00:00,90874,90949,90863,90949,5.51261159
2025-11-27T15:50:00+00:00,90948,90949,90839,90949,4.49056384
2025-11-27T15:55:00+00:00,90949,90949,90898,90945,12.00766103
2025-11-27T16:00:00+00:00,90942,91048,90898,90951,13.64646954
2025-11-27T16:05:00+00:00,90952,90956,90840,90841,3.1678727
2025-11-27T16:10:00+00:00,90840,91238,90839,91214,12.93146132
2025-11-27T16:15:00+00:00,91213,91354,91139,91211,6.21495954
2025-11-27T16:20:00+00:00,91206,91278,91093,91189,3.34690851
2025-11-27T16:25:00+00:00,91184,91217,91140,91192,3.43072194
2025-11-27T16:30:00+00:00,91191,91352,91170,91281,32.13164022
2025-11-27T16:35:00+00:00,91277,91530,91277,91522,13.62831334
2025-11-27T16:40:00+00:00,91521,91541,91291,91292,3.02586282
2025-11-27T16:45:00+00:00,91289,91322,91232,91235,1.58366854
2025-11-27T16:50:00+00:00,91229,91432,91221,91432,1.61756226
2025-11-27T16:55:00+00:00,91428,91472,91398,91458,1.52954709
2025-11-27T17:00:00+00:00,91456,91525,91410,91459,1.71259562
2025-11-27T17:05:00+00:00,91453,91470,91357,91444,1.34058281
2025-11-27T17:10:00+00:00,91445,91502,91445,91456,0.62806419
2025-11-27T17:15:00+00:00,91456,91573,91456,91471,5.32905661
2025-11-27T17:20:00+00:00,91471,91644,91471,91524,16.87198166
2025-11-27T17:25:00+00:00,91535,91567,91344,91365,11.47879416
2025-11-27T17:30:00+00:00,91359,91485,91299,91485,1.31877301
2025-11-27T17:35:00+00:00,91485,91521,91315,91327,1.38650867
2025-11-27T17:40:00+00:00,91328,91462,91315,91433,9.5258304
2025-11-27T17:45:00+00:00,91454,91473,91394,91399,1.71844466
2025-11-27T17:50:00+00:00,91403,91473,91380,91473,3.42822841
2025-11-27T17:55:00+00:00,91476,91504,91453,91462,1.09891364
2025-11-27T18:00:00+00:00,91467,91473,91402,91406,6.40212262
2025-11-27T18:05:00+00:00,91408,91482,91393,91467,1.48441841
2025-11-27T18:10:00+00:00,91467,91488,91381,91403,1.97311492
2025-11-27T18:15:00+00:00,91409,91473,91386,91454,1.59077048
2025-11-27T18:20:00+00:00,91448,91484,91337,91398,2.62242081
2025-11-27T18:25:00+00:00,91414,91495,91405,91409,10.41932083
2025-11-27T18:30:00+00:00,91409,91423,91376,91420,1.12528732
2025-11-27T18:35:00+00:00,91427,91684,91427,91684,4.10551481
2025-11-27T18:40:00+00:00,91676,91783,91654,91761,9.83457413
2025-11-27T18:45:00+00:00,91757,91804,91680,91769,6.19263177
2025-11-27T18:50:00+00:00,91769,91805,91691,91805,4.01541368
2025-11-27T18:55:00+00:00,91805,91833,91784,91788,3.03110894
2025-11-27T19:00:00+00:00,91784,91784,91596,91606,3.83382352
2025-11-27T19:05:00+00:00,91614,91639,91545,91634,2.45049063
2025-11-27T19:10:00+00:00,91634,91634,91591,91613,3.37698331
2025-11-27T19:15:00+00:00,91612,91656,91552,91593,0.56382104
2025-11-27T19:20:00+00:00,91593,91669,91559,91586,2.91238162
2025-11-27T19:25:00+00:00,91607,91645,91587,91605,1.94723171
2025-11-27T19:30:00+00:00,91606,91645,91513,91517,16.76613878
2025-11-27T19:35:00+00:00,91518,91633,91501,91626,5.55283954
2025-11-27T19:40:00+00:00,91625,91720,91619,91720,1.30869474
2025-11-27T19:45:00+00:00,91703,91703,91575,91602,6.28018316
2025-11-27T19:50:00+00:00,91602,91602,91510,91545,6.02193248
2025-11-27T19:55:00+00:00,91548,91548,91507,91514,2.20318244
2025-11-27T20:00:00+00:00,91514,91553,91454,91459,20.74084724
2025-11-27T20:05:00+00:00,91459,91559,91459,91543,0.97707973
2025-11-27T20:10:00+00:00,91542,91568,91491,91491,2.75541896
2025-11-27T20:15:00+00:00,91491,91491,91410,91481,3.4075239
2025-11-27T20:20:00+00:00,91480,91481,91399,91422,5.75027027
2025-11-27T20:25:00+00:00,91421,91451,91402,91421,0.69218772
2025-11-27T20:30:00+00:00,91445,91550,91400,91550,1.8147039
2025-11-27T20:35:00+00:00,91555,91603,91429,91457,5.33427035
2025-11-27T20:40:00+00:00,91464,91498,91439,91454,1.82036238
2025-11-27T20:45:00+00:00,91455,91483,91399,91414,1.34077643
2025-11-27T20:50:00+00:00,91420,91505,91420,91505,1.39086786
2025-11-27T20:55:00+00:00,91491,91491,91426,91449,1.57990308
2025-11-27T21:00:00+00:00,91425,91425,91300,91301,7.21336271
2025-11-27T21:05:00+00:00,91327,91394,91223,91338,17.80676137
2025-11-27T21:10:00+00:00,91337,91413,91313,91410,1.97572293
2025-11-27T21:15:00+00:00,91410,91508,91373,91508,6.66880366
2025-11-27T21:20:00+00:00,91508,91529,91470,91473,10.33267203
2025-11-27T21:25:00+00:00,91464,91530,91446,91517,0.71019805
2025-11-27T21:30:00+00:00,91517,91541,91480,91533,1.59773455
2025-11-27T21:35:00+00:00,91537,91552,91516,91552,1.92130853
2025-11-27T21:40:00+00:00,91551,91574,91535,91535,2.00895181
2025-11-27T21:45:00+00:00,91539,91572,91483,91495,0.66777675
2025-11-27T21:50:00+00:00,91495,91495,91452,91476,1.48758132
2025-11-27T21:55:00+00:00,91476,91478,91389,91389,0.90875511
2025-11-27T22:00:00+00:00,91393,91450,91371,91416,1.82460042
2025-11-27T22:05:00+00:00,91416,91422,91332,91347,1.1389642
2025-11-27T22:10:00+00:00,91347,91459,91347,91459,0.27239237
2025-11-27T22:15:00+00:00,91470,91574,91470,91571,0.735139
2025-11-27T22:20:00+00:00,91569,91569,91485,91498,0.32764303
2025-11-27T22:25:00+00:00,91500,91568,91500,91559,0.27633153
2025-11-27T22:30:00+00:00,91572,91574,91497,91518,0.38021073
2025-11-27T22:35:00+00:00,91519,91519,91451,91488,2.98380718
2025-11-27T22:40:00+00:00,91478,91478,91237,91237,16.88023349
2025-11-27T22:45:00+00:00,91236,91396,91117,91327,15.05763311
2025-11-27T22:50:00+00:00,91326,91326,91185,91254,2.15108225
2025-11-27T22:55:00+00:00,91224,91356,91213,91310,1.44940878
2025-11-27T23:00:00+00:00,91310,91453,91304,91453,17.4802062
2025-11-27T23:05:00+00:00,91453,91486,91366,91391,2.60366697
2025-11-27T23:10:00+00:00,91391,91493,91371,91493,1.16246612
2025-11-27T23:15:00+00:00,91493,91540,91445,91446,2.53400365
2025-11-27T23:20:00+00:00,91446,91489,91364,91370,1.48448729
2025-11-27T23:25:00+00:00,91370,91419,91336,91383,1.54431041
2025-11-27T23:30:00+00:00,91381,91381,91216,91233,17.24100032
2025-11-27T23:35:00+00:00,91233,91341,91233,91337,2.30974662
2025-11-27T23:40:00+00:00,91337,91388,91337,91388,0.07377186
2025-11-27T23:45:00+00:00,91389,91392,91291,91294,1.80514557
2025-11-27T23:50:00+00:00,91293,91326,91277,91318,0.54281867
2025-11-27T23:55:00+00:00,91286,91326,91274,91325,0.14817535
2025-11-28T00:00:00+00:00,91326,91349,91168,91184,7.60899795
2025-11-28T00:05:00+00:00,91189,91262,91158,91184,2.12641129
2025-11-28T00:10:00+00:00,91185,91185,91135,91149,5.31788991
2025-11-28T00:15:00+00:00,91156,91171,91070,91120,5.0134087
2025-11-28T00:20:00+00:00,91142,91248,91142,91208,0.86876428
2025-11-28T00:25:00+00:00,91208,91270,91170,91225,2.70647539
2025-11-28T00:30:00+00:00,91224,91324,91224,91324,1.15404907
2025-11-28T00:35:00+00:00,91347,91387,91253,91285,15.39395749
2025-11-28T00:40:00+00:00,91285,91285,91194,91213,0.39357719
2025-11-28T00:45:00+00:00,91214,91249,91154,91155,4.80689179
2025-11-28T00:50:00+00:00,91139,91187,91139,91154,3.45701091
2025-11-28T00:55:00+00:00,91154,91189,91153,91185,0.87678996
2025-11-28T01:00:00+00:00,91191,91191,91071,91071,19.37162956
2025-11-28T01:05:00+00:00,91071,91175,91048,91048,3.19746629
2025-11-28T01:10:00+00:00,91038,91038,90874,90877,10.31657295
2025-11-28T01:15:00+00:00,90874,90990,90809,90839,6.01242441
2025-11-28T01:20:00+00:00,90839,90987,90835,90962,2.84706709
2025-11-28T01:25:00+00:00,90944,90998,90929,90932,0.9065575
2025-11-28T01:30:00+00:00,90932,90973,90814,90948,1.42446024
2025-11-28T01:35:00+00:00,90969,91037,90969,91006,3.97016433
2025-11-28T01:40:00+00:00,91005,91058,90940,91002,8.6184654
2025-11-28T01:45:00+00:00,91025,91045,90954,90955,1.81371235
2025-11-28T01:50:00+00:00,90954,90955,90839,90851,1.82929497
2025-11-28T01:55:00+00:00,90847,90881,90790,90790,6.3902668
2025-11-28T02:00:00+00:00,90796,90886,90795,90808,3.63897021
2025-11-28T02:05:00+00:00,90808,90868,90742,90802,6.13256117
2025-11-28T02:10:00+00:00,90811,90884,90748,90884,4.68439154
2025-11-28T02:15:00+00:00,90884,90963,90742,90769,5.4775392
2025-11-28T02:20:00+00:00,90776,90842,90763,90842,1.37175683
2025-11-28T02:25:00+00:00,90841,90856,90678,90678,5.22459043
2025-11-28T02:30:00+00:00,90678,90758,90656,90720,2.84673213
2025-11-28T02:35:00+00:00,90721,90840,90721,90811,4.96308696
2025-11-28T02:40:00+00:00,90811,90835,90767,90805,0.16129185
2025-11-28T02:45:00+00:00,90806,90873,90806,90849,2.41124522
2025-11-28T02:50:00+00:00,90849,90972,90840,90972,2.45568715
2025-11-28T02:55:00+00:00,90972,91113,90972,91065,22.82007141
2025-11-28T03:00:00+00:00,91059,91060,90990,91051,3.19384264
2025-11-28T03:05:00+00:00,91021,91066,90985,91031,0.43030835
2025-11-28T03:10:00+00:00,91038,91124,91038,91103,2.98285199
2025-11-28T03:15:00+00:00,91072,91120,91026,91105,4.10034791
2025-11-28T03:20:00+00:00,91104,91201,91104,91169,7.84563588
2025-11-28T03:25:00+00:00,91161,91201,91161,91187,3.31429026
2025-11-28T03:30:00+00:00,91187,91277,91169,91256,6.14906574
2025-11-28T03:35:00+00:00,91264,91264,91177,91184,1.95361788
2025-11-28T03:40:00+00:00,91178,91178,91098,91107,1.40631968
2025-11-28T03:45:00+00:00,91107,91159,91105,91139,1.79984724
2025-11-28T03:50:00+00:00,91139,91172,91134,91166,0.41253328
2025-11-28T03:55:00+00:00,91168,91216,91168,91193,1.678455
2025-11-28T04:00:00+00:00,91191,91191,91114,91133,1.75207313
2025-11-28T04:05:00+00:00,91133,91205,91133,91205,1.04841165
2025-11-28T04:10:00+00:00,91205,91376,91205,91336,9.0758524
2025-11-28T04:15:00+00:00,91337,91408,91314,91323,5.07632334
2025-11-28T04:20:00+00:00,91322,91346,91296,91327,1.94512406
2025-11-28T04:25:00+00:00,91329,91397,91329,91392,2.58453665
2025-11-28T04:30:00+00:00,91396,91431,91361,91406,2.26296289
2025-11-28T04:35:00+00:00,91401,91453,91365,91417,6.17582608
2025-11-28T04:40:00+00:00,91416,91453,91416,91442,1.30128757
2025-11-28T04:45:00+00:00,91442,91453,91407,91407,0.96981899
2025-11-28T04:50:00+00:00,91414,91448,91414,91423,0.64455413
2025-11-28T04:55:00+00:00,91424,91461,91415,91416,0.8301826
2025-11-28T05:00:00+00:00,91415,91415,91308,91308,1.89339933
2025-11-28T05:05:00+00:00,91308,91480,91295,91479,1.51732528
2025-11-28T05:10:00+00:00,91479,91541,91457,91460,13.12948647
2025-11-28T05:15:00+00:00,91480,91536,91440,91440,4.77005778
2025-11-28T05:20:00+00:00,91438,91521,91424,91449,5.48687177
2025-11-28T05:25:00+00:00,91449,91527,91443,91513,1.02060339
2025-11-28T05:30:00+00:00,91512,91574,91451,91496,11.19278227
2025-11-28T05:35:00+00:00,91496,91530,91486,91492,3.00258045
2025-11-28T05:40:00+00:00,91498,91550,91460,91549,6.70049631
2025-11-28T05:45:00+00:00,91549,91618,91543,91610,8.10912068
2025-11-28T05:50:00+00:00,91586,91684,91586,91670,7.71249417
2025-11-28T05:55:00+00:00,91669,91695,91599,91599,3.08020985
2025-11-28T06:00:00+00:00,91598,91598,91452,91453,2.4467691
2025-11-28T06:05:00+00:00,91453,91499,91404,91448,1.14504401
2025-11-28T06:10:00+00:00,91447,91460,91372,91385,3.84347731
2025-11-28T06:15:00+00:00,91385,91426,91360,91360,3.84582699
2025-11-28T06:20:00+00:00,91359,91360,91318,91319,0.90531831
2025-11-28T06:25:00+00:00,91319,91356,91291,91291,1.24998447
2025-11-28T06:30:00+00:00,91291,91328,91245,91246,23.56406285
2025-11-28T06:35:00+00:00,91245,91269,91157,91269,6.87145637
2025-11-28T06:40:00+00:00,91269,91434,91269,91407,2.36177103
2025-11-28T06:45:00+00:00,91393,91415,91355,91377,0.77382804
2025-11-28T06:50:00+00:00,91378,91378,91350,91353,2.24115517
2025-11-28T06:55:00+00:00,91353,91373,91294,91294,1.41478256
2025-11-28T07:00:00+00:00,91293,91389,91291,91389,1.62005344
2025-11-28T07:05:00+00:00,91389,91414,91389,91411,1.44390624
2025-11-28T07:10:00+00:00,91412,91412,91392,91394,0.31058304
2025-11-28T07:15:00+00:00,91393,91408,91372,91378,0.66468722
2025-11-28T07:20:00+00:00,91379,91510,91379,91486,2.07447978
2025-11-28T07:25:00+00:00,91487,91549,91451,91466,4.84213157
2025-11-28T07:30:00+00:00,91465,91465,91244,91244,8.99417505
2025-11-28T07:35:00+00:00,91244,91284,91135,91151,6.8839133
2025-11-28T07:40:00+00:00,91135,91145,91059,91059,9.66753767
2025-11-28T07:45:00+00:00,91060,91072,90949,90949,9.30213025
2025-11-28T07:50:00+00:00,90950,90983,90896,90897,5.08413832
2025-11-28T07:55:00+00:00,90901,90931,90851,90894,10.40096612
2025-11-28T08:00:00+00:00,90892,91011,90892,90983,3.55789561
2025-11-28T08:05:00+00:00,90983,91051,90942,91002,1.40243067
2025-11-28T08:10:00+00:00,91002,91217,91002,91108,3.28228737
2025-11-28T08:15:00+00:00,91112,91215,91090,91112,1.93201666
2025-11-28T08:20:00+00:00,91123,91215,91123,91167,1.74535135
2025-11-28T08:25:00+00:00,91170,91176,91142,91142,2.15803273
2025-11-28T08:30:00+00:00,91143,91143,91000,91066,7.07507253
2025-11-28T08:35:00+00:00,91066,91256,91065,91165,1.77969085
2025-11-28T08:40:00+00:00,91165,91193,91105,91117,0.80144938
2025-11-28T08:45:00+00:00,91113,91203,91091,91175,0.56161109
2025-11-28T08:50:00+00:00,91175,91673,91174,91511,48.68319454
2025-11-28T08:55:00+00:00,91488,91672,91379,91672,4.56374433
2025-11-28T09:00:00+00:00,91673,91717,91512,91541,4.97177231
2025-11-28T09:05:00+00:00,91541,91715,91518,91715,4.20494152
2025-11-28T09:10:00+00:00,91717,91816,91617,91659,10.70917531
2025-11-28T09:15:00+00:00,91659,91664,91514,91564,5.521262
2025-11-28T09:20:00+00:00,91567,91682,91545,91596,9.88527612
2025-11-28T09:25:00+00:00,91596,91636,91576,91613,3.2590363
2025-11-28T09:30:00+00:00,91613,91621,91517,91530,2.16386009
2025-11-28T09:35:00+00:00,91530,91605,91482,91489,5.35386145
2025-11-28T09:40:00+00:00,91490,91506,91431,91466,3.576477
2025-11-28T09:45:00+00:00,91465,91561,91465,91559,2.76282907
2025-11-28T09:50:00+00:00,91551,91580,91549,91580,1.72338955
2025-11-28T09:55:00+00:00,91580,91585,91531,91585,3.82717822
2025-11-28T10:00:00+00:00,91584,91588,91506,91515,1.0303729
2025-11-28T10:05:00+00:00,91514,91514,91478,91484,2.11984776
2025-11-28T10:10:00+00:00,91480,91536,91480,91519,1.15345993
2025-11-28T10:15:00+00:00,91519,91568,91485,91567,1.22092692
2025-11-28T10:20:00+00:00,91568,91627,91510,91607,2.03252307
2025-11-28T10:25:00+00:00,91608,91608,91562,91568,4.46470306
2025-11-28T10:30:00+00:00,91568,91665,91527,91646,2.79400856
2025-11-28T10:35:00+00:00,91575,91647,91557,91647,2.6279857
2025-11-28T10:40:00+00:00,91647,91647,91614,91630,1.1656325
2025-11-28T10:45:00+00:00,91614,91627,91592,91593,2.08628237
2025-11-28T10:50:00+00:00,91593,91838,91593,91838,3.13163719
2025-11-28T10:55:00+00:00,91838,91849,91787,91833,5.22984887
2025-11-28T11:00:00+00:00,91839,92003,91725,91726,14.89043664
2025-11-28T11:05:00+00:00,91723,91723,91574,91580,25.22041661
2025-11-28T11:10:00+00:00,91576,91629,91373,91373,14.79898172
2025-11-28T11:15:00+00:00,91363,91363,91062,91159,18.67998847
2025-11-28T11:20:00+00:00,91160,91293,91151,91268,11.23585337
2025-11-28T11:25:00+00:00,91243,91335,91235,91311,3.7876205
2025-11-28T11:30:00+00:00,91276,91351,91257,91289,1.17909922
2025-11-28T11:35:00+00:00,91288,91314,91258,91259,1.00398411
2025-11-28T11:40:00+00:00,91247,91338,91203,91278,3.87060321
2025-11-28T11:45:00+00:00,91278,91396,91278,91385,1.79423591
2025-11-28T11:50:00+00:00,91386,91410,91312,91410,1.59123466
2025-11-28T11:55:00+00:00,91410,91463,91410,91428,1.31397153
2025-11-28T12:00:00+00:00,91412,91546,91400,91489,2.10886505
2025-11-28T12:05:00+00:00,91490,91574,91448,91545,21.29878347
2025-11-28T12:10:00+00:00,91545,91545,91491,91518,1.28505605
2025-11-28T12:15:00+00:00,91517,91544,91403,91543,3.12307168
2025-11-28T12:20:00+00:00,91541,91585,91521,91542,1.99477795
2025-11-28T12:25:00+00:00,91530,91571,91507,91540,0.66139943
2025-11-28T12:30:00+00:00,91530,91596,91447,91595,1.76461936
2025-11-28T12:35:00+00:00,91595,91673,91508,91521,22.53066844
2025-11-28T12:40:00+00:00,91521,91553,91477,91477,1.02167885
2025-11-28T12:45:00+00:00,91476,91507,91391,91467,2.63507022
2025-11-28T12:50:00+00:00,91467,91507,91447,91493,2.31397595
2025-11-28T12:55:00+00:00,91481,91508,91477,91495,1.79417256
2025-11-28T13:00:00+00:00,91495,91567,91489,91558,1.34391277
2025-11-28T13:05:00+00:00,91565,91626,91373,91408,17.96596838
2025-11-28T13:10:00+00:00,91408,91484,91408,91477,3.97276796
2025-11-28T13:15:00+00:00,91477,91520,91428,91510,3.11790818
2025-11-28T13:20:00+00:00,91507,91593,91490,91505,2.43305179
2025-11-28T13:25:00+00:00,91506,91565,91506,91547,3.15326501
2025-11-28T13:30:00+00:00,91547,91617,91490,91617,6.6369411
2025-11-28T13:35:00+00:00,91617,91816,91617,91797,14.22510191
2025-11-28T13:40:00+00:00,91798,91904,91783,91828,7.75958617
2025-11-28T13:45:00+00:00,91828,92606,91828,92312,65.60174582
2025-11-28T13:50:00+00:00,92311,92311,92036,92129,34.38388909
2025-11-28T13:55:00+00:00,92130,92377,92096,92372,16.69076681
2025-11-28T14:00:00+00:00,92371,92457,92257,92457,30.19408776
2025-11-28T14:05:00+00:00,92456,92511,92335,92389,14.64206566
2025-11-28T14:10:00+00:00,92382,92382,92205,92349,14.54040158
2025-11-28T14:15:00+00:00,92350,92512,92334,92373,14.1880905
2025-11-28T14:20:00+00:00,92374,92624,92373,92558,24.76515437
2025-11-28T14:25:00+00:00,92559,92973,92559,92966,40.11703568
2025-11-28T14:30:00+00:00,92966,93091,92546,92589,43.30499039
2025-11-28T14:35:00+00:00,92593,92654,92319,92326,45.37420798
2025-11-28T14:40:00+00:00,92342,92342,91992,92035,28.24135668
2025-11-28T14:45:00+00:00,92012,92235,91828,92167,30.19328075
2025-11-28T14:50:00+00:00,92180,92302,92163,92251,32.36101879
2025-11-28T14:55:00+00:00,92254,92313,92117,92250,12.00916159
2025-11-28T15:00:00+00:00,92242,92413,92155,92195,17.61665366
2025-11-28T15:05:00+00:00,92195,92232,92014,92015,20.57472834
2025-11-28T15:10:00+00:00,92040,92291,92014,92291,22.98916755
2025-11-28T15:15:00+00:00,92291,92608,92291,92608,54.91454376
2025-11-28T15:20:00+00:00,92608,92724,92539,92679,34.23683178
2025-11-28T15:25:00+00:00,92681,92696,92536,92682,9.75972364
2025-11-28T15:30:00+00:00,92680,92789,92587,92761,9.22109965
2025-11-28T15:35:00+00:00,92761,92800,92571,92602,54.11373592
2025-11-28T15:40:00+00:00,92602,92625,92530,92537,6.31784457
2025-11-28T15:45:00+00:00,92541,92561,92349,92445,12.90390388
2025-11-28T15:50:00+00:00,92446,92480,92313,92395,8.99247456
2025-11-28T15:55:00+00:00,92388,92482,92315,92386,12.68023602
2025-11-28T16:00:00+00:00,92385,92397,92151,92220,39.67157637
2025-11-28T16:05:00+00:00,92220,92255,92036,92037,19.54148767
2025-11-28T16:10:00+00:00,92037,92058,91871,91899,40.49750493
2025-11-28T16:15:00+00:00,91895,92033,91887,91993,7.02703355
2025-11-28T16:20:00+00:00,92001,92003,91335,91403,47.14245015
2025-11-28T16:25:00+00:00,91402,91500,91120,91206,42.81209257
2025-11-28T16:30:00+00:00,91180,91431,91004,91401,37.25125593
2025-11-28T16:35:00+00:00,91385,91485,91344,91448,8.54768661
2025-11-28T16:40:00+00:00,91455,91584,91312,91584,32.29982717
2025-11-28T16:45:00+00:00,91585,91618,91443,91488,7.83287087
2025-11-28T16:50:00+00:00,91471,91471,91277,91317,23.01725425
2025-11-28T16:55:00+00:00,91316,91316,90896,90946,39.92014672
2025-11-28T17:00:00+00:00,90946,91083,90842,91009,17.58815274
2025-11-28T17:05:00+00:00,91010,91147,91010,91129,2.20601182
2025-11-28T17:10:00+00:00,91129,91214,90893,90942,2.16206219
2025-11-28T17:15:00+00:00,90938,90938,90673,90704,16.2001279
2025-11-28T17:20:00+00:00,90704,90785,90601,90637,13.64363188
2025-11-28T17:25:00+00:00,90636,90695,90483,90507,20.26086502
2025-11-28T17:30:00+00:00,90506,90617,90285,90341,24.10188995
2025-11-28T17:35:00+00:00,90341,90420,90255,90337,11.26542469
2025-11-28T17:40:00+00:00,90331,90390,90233,90283,4.45073891
2025-11-28T17:45:00+00:00,90289,90626,90289,90539,8.8854418
2025-11-28T17:50:00+00:00,90539,90758,90539,90659,6.68350704
2025-11-28T17:55:00+00:00,90659,90850,90522,90634,10.62552277
2025-11-28T18:00:00+00:00,90686,90774,90498,90593,18.80378137
2025-11-28T18:05:00+00:00,90573,90665,90462,90665,3.61667033
2025-11-28T18:10:00+00:00,90644,90937,90644,90903,8.04934145
2025-11-28T18:15:00+00:00,90902,90914,90699,90722,2.3585251
2025-11-28T18:20:00+00:00,90721,90782,90622,90644,5.74611863
2025-11-28T18:25:00+00:00,90643,90825,90643,90812,4.81222978
2025-11-28T18:30:00+00:00,90812,90876,90703,90725,3.03602987
2025-11-28T18:35:00+00:00,90726,90889,90707,90854,0.9317837
2025-11-28T18:40:00+00:00,90854,90879,90776,90830,2.54149728
2025-11-28T18:45:00+00:00,90829,90975,90807,90956,3.13244827
2025-11-28T18:50:00+00:00,90956,90956,90740,90747,3.29510305
2025-11-28T18:55:00+00:00,90729,90876,90710,90852,5.27857213
2025-11-28T19:00:00+00:00,90853,90968,90847,90917,10.91773445
2025-11-28T19:05:00+00:00,90894,90979,90888,90933,2.74912425
2025-11-28T19:10:00+00:00,90891,91000,90856,90999,2.25461426
2025-11-28T19:15:00+00:00,91000,91025,90912,90971,7.73551216
2025-11-28T19:20:00+00:00,90972,91174,90970,91162,7.53821184
2025-11-28T19:25:00+00:00,91162,91166,91059,91124,2.70822461
2025-11-28T19:30:00+00:00,91098,91099,91010,91035,4.45905971
2025-11-28T19:35:00+00:00,91035,91190,91035,91185,6.81241515
2025-11-28T19:40:00+00:00,91185,91190,91121,91132,11.26318592
2025-11-28T19:45:00+00:00,91132,91169,91106,91112,1.61196196
2025-11-28T19:50:00+00:00,91111,91160,91060,91160,3.7720234
2025-11-28T19:55:00+00:00,91160,91190,91150,91164,2.42462726
2025-11-28T20:00:00+00:00,91163,91163,90921,90922,10.0181095
2025-11-28T20:05:00+00:00,90922,91011,90890,91001,3.58300895
2025-11-28T20:10:00+00:00,90985,91036,90980,91036,1.8724668
2025-11-28T20:15:00+00:00,91036,91190,90971,91190,6.38170796
2025-11-28T20:20:00+00:00,91189,91190,91130,91165,23.09313193
2025-11-28T20:25:00+00:00,91165,91190,91139,91180,14.6077393
2025-11-28T20:30:00+00:00,91180,91234,91142,91142,13.72645828
2025-11-28T20:35:00+00:00,91142,91165,91120,91165,1.7359612
2025-11-28T20:40:00+00:00,91165,91165,91098,91148,4.68313781
2025-11-28T20:45:00+00:00,91135,91173,91075,91154,7.02293739
2025-11-28T20:50:00+00:00,91154,91201,91142,91143,3.54005038
2025-11-28T20:55:00+00:00,91142,91232,91142,91226,9.82192241
2025-11-28T21:00:00+00:00,91227,91245,91192,91240,8.74032147
2025-11-28T21:05:00+00:00,91240,91256,91188,91196,4.49530285
2025-11-28T21:10:00+00:00,91197,91205,91156,91172,0.92320768
2025-11-28T21:15:00+00:00,91160,91173,91042,91047,0.7484391
2025-11-28T21:20:00+00:00,91047,91094,91038,91089,2.10826756
2025-11-28T21:25:00+00:00,91089,91156,91089,91156,1.55125475
2025-11-28T21:30:00+00:00,91157,91198,91123,91125,0.56684902
2025-11-28T21:35:00+00:00,91129,91196,91129,91182,3.96429246
2025-11-28T21:40:00+00:00,91182,91256,91182,91255,0.36875094
2025-11-28T21:45:00+00:00,91256,91256,91156,91170,1.53688482
2025-11-28T21:50:00+00:00,91171,91203,90997,90998,3.73399349
2025-11-28T21:55:00+00:00,90998,91043,90906,90906,0.89367281
2025-11-28T22:00:00+00:00,90906,90949,90782,90890,2.74786323
2025-11-28T22:05:00+00:00,90891,91033,90891,90959,1.15645267
2025-11-28T22:10:00+00:00,90961,90991,90839,90839,2.30143586
2025-11-28T22:15:00+00:00,90839,90926,90725,90863,2.96323753
2025-11-28T22:20:00+00:00,90862,90884,90798,90840,2.75782447
2025-11-28T22:25:00+00:00,90840,90972,90840,90892,1.73037543
2025-11-28T22:30:00+00:00,90892,91000,90892,90999,1.10504868
2025-11-28T22:35:00+00:00,91000,91046,90963,91004,1.62121777
2025-11-28T22:40:00+00:00,90994,91028,90964,91028,0.62763258
2025-11-28T22:45:00+00:00,91029,91079,91029,91055,1.03665258
2025-11-28T22:50:00+00:00,91054,91183,91054,91111,4.23413746
2025-11-28T22:55:00+00:00,91110,91137,91041,91137,2.1963664
2025-11-28T23:00:00+00:00,91135,91223,91120,91196,1.53822174
2025-11-28T23:05:00+00:00,91197,91206,91034,91075,3.74220333
2025-11-28T23:10:00+00:00,91083,91173,91083,91130,2.64883715
2025-11-28T23:15:00+00:00,91129,91137,91049,91062,1.69300594
2025-11-28T23:20:00+00:00,91062,91099,91033,91047,2.0101742
2025-11-28T23:25:00+00:00,91047,91063,91002,91003,0.37181895
2025-11-28T23:30:00+00:00,91002,91009,90941,91009,1.61696772
2025-11-28T23:35:00+00:00,91009,91054,90995,91001,0.60445754
2025-11-28T23:40:00+00:00,91001,91042,90996,91021,0.62684725
2025-11-28T23:45:00+00:00,91021,91021,90936,90936,0.24129007
2025-11-28T23:50:00+00:00,90937,90992,90937,90970,0.37200124
2025-11-28T23:55:00+00:00,90970,90970,90912,90913,1.64265023
2025-11-29T00:00:00+00:00,90913,90972,90896,90971,1.8723207
2025-11-29T00:05:00+00:00,90972,90986,90928,90928,5.56246825
2025-11-29T00:10:00+00:00,90925,90925,90893,90895,1.29418502
2025-11-29T00:15:00+00:00,90891,90924,90793,90811,6.35818372
2025-11-29T00:20:00+00:00,90811,90960,90811,90960,1.78155851
2025-11-29T00:25:00+00:00,90959,90959,90817,90909,3.81553258
2025-11-29T00:30:00+00:00,90909,90933,90839,90860,2.68281135
2025-11-29T00:35:00+00:00,90860,90931,90841,90910,1.24841741
2025-11-29T00:40:00+00:00,90878,90987,90861,90960,0.90252509
2025-11-29T00:45:00+00:00,90945,90958,90893,90929,0.85277936
2025-11-29T00:50:00+00:00,90916,90916,90872,90902,4.54575671
2025-11-29T00:55:00+00:00,90902,90902,90865,90890,0.70174036
2025-11-29T01:00:00+00:00,90901,90951,90883,90924,0.91758848
2025-11-29T01:05:00+00:00,90909,90972,90884,90969,0.92805539
2025-11-29T01:10:00+00:00,90964,91065,90964,91062,1.92721096
2025-11-29T01:15:00+00:00,91061,91139,90981,90981,2.2877924
2025-11-29T01:20:00+00:00,90974,91029,90974,91012,0.71270535
2025-11-29T01:25:00+00:00,91012,91012,90974,90988,1.15872426
2025-11-29T01:30:00+00:00,90988,90988,90903,90933,2.81828055
2025-11-29T01:35:00+00:00,90934,90944,90887,90887,2.4860693
2025-11-29T01:40:00+00:00,90854,90886,90818,90874,1.47684234
2025-11-29T01:45:00+00:00,90874,90902,90849,90871,5.69708194
2025-11-29T01:50:00+00:00,90864,90876,90819,90876,1.61524235
2025-11-29T01:55:00+00:00,90876,90929,90876,90898,1.89152225
2025-11-29T02:00:00+00:00,90898,90908,90824,90824,3.73146119
2025-11-29T02:05:00+00:00,90825,90861,90815,90829,1.37423132
2025-11-29T02:10:00+00:00,90829,90878,90824,90877,8.11190697
2025-11-29T02:15:00+00:00,90878,90947,90878,90935,1.27708252
2025-11-29T02:20:00+00:00,90936,90951,90916,90951,3.06606321
2025-11-29T02:25:00+00:00,90950,90952,90874,90875,1.95050067
2025-11-29T02:30:00+00:00,90874,90874,90612,90612,38.5747902
2025-11-29T02:35:00+00:00,90615,90673,90579,90673,4.44953852
2025-11-29T02:40:00+00:00,90672,90697,90672,90691,0.17023344
2025-11-29T02:45:00+00:00,90691,90691,90620,90656,8.83443803
2025-11-29T02:50:00+00:00,90669,90741,90669,90740,0.64699167
2025-11-29T02:55:00+00:00,90740,90829,90740,90829,1.46903846
2025-11-29T03:00:00+00:00,90828,90895,90813,90894,0.28759486
2025-11-29T03:05:00+00:00,90894,90895,90866,90880,0.11757866
2025-11-29T03:10:00+00:00,90881,90881,90839,90842,1.33010987
2025-11-29T03:15:00+00:00,90841,90867,90785,90810,3.70751519
2025-11-29T03:20:00+00:00,90821,90845,90772,90772,0.60650036
2025-11-29T03:25:00+00:00,90772,90773,90750,90751,0.52570682
2025-11-29T03:30:00+00:00,90738,90740,90701,90732,1.5012406
2025-11-29T03:35:00+00:00,90731,90771,90696,90758,1.42247442
2025-11-29T03:40:00+00:00,90759,90781,90712,90712,2.09916234
2025-11-29T03:45:00+00:00,90709,90712,90686,90706,1.06188036
2025-11-29T03:50:00+00:00,90707,90712,90695,90711,0.91015597
2025-11-29T03:55:00+00:00,90711,90711,90700,90702,0.0793146
2025-11-29T04:00:00+00:00,90702,90710,90682,90693,0.46909915
2025-11-29T04:05:00+00:00,90694,90694,90641,90650,0.47053649
2025-11-29T04:10:00+00:00,90650,90653,90640,90640,0.3612601
2025-11-29T04:15:00+00:00,90640,90667,90612,90612,0.68450703
2025-11-29T04:20:00+00:00,90612,90640,90579,90630,2.25348963
2025-11-29T04:25:00+00:00,90631,90717,90631,90714,0.30596075
2025-11-29T04:30:00+00:00,90707,90751,90692,90750,0.30886489
2025-11-29T04:35:00+00:00,90751,90809,90750,90788,0.5724614
2025-11-29T04:40:00+00:00,90786,90816,90781,90799,1.00471525
2025-11-29T04:45:00+00:00,90802,90832,90802,90832,0.12401935
2025-11-29T04:50:00+00:00,90834,90850,90834,90850,0.54336869
2025-11-29T04:55:00+00:00,90851,90917,90822,90917,3.02487186
2025-11-29T05:00:00+00:00,90916,90917,90825,90825,0.41854709
2025-11-29T05:05:00+00:00,90825,90849,90825,90839,0.27606739
2025-11-29T05:10:00+00:00,90839,90839,90796,90818,1.15791308
2025-11-29T05:15:00+00:00,90809,90900,90796,90900,0.86166798
2025-11-29T05:20:00+00:00,90917,90917,90907,90910,5.52466266
2025-11-29T05:25:00+00:00,90910,90914,90904,90909,0.37714985
2025-11-29T05:30:00+00:00,90909,90912,90869,90869,0.05197885
2025-11-29T05:35:00+00:00,90869,90917,90869,90879,4.84772045
2025-11-29T05:40:00+00:00,90879,90879,90859,90873,1.23768562
2025-11-29T05:45:00+00:00,90873,90885,90836,90836,0.15488688
2025-11-29T05:50:00+00:00,90830,90830,90753,90754,2.32110261
2025-11-29T05:55:00+00:00,90754,90794,90754,90763,0.11452854
2025-11-29T06:00:00+00:00,90763,90772,90742,90742,1.36392973
2025-11-29T06:05:00+00:00,90742,90776,90742,90776,0.25178777
2025-11-29T06:10:00+00:00,90777,90839,90777,90836,0.16496216
2025-11-29T06:15:00+00:00,90835,90836,90681,90681,4.46040391
2025-11-29T06:20:00+00:00,90681,90681,90397,90502,28.63283697
2025-11-29T06:25:00+00:00,90501,90622,90468,90578,5.17245297
2025-11-29T06:30:00+00:00,90572,90595,90341,90414,7.37880623
2025-11-29T06:35:00+00:00,90415,90559,90410,90518,1.33805941
2025-11-29T06:40:00+00:00,90518,90571,90518,90567,0.80693235
2025-11-29T06:45:00+00:00,90568,90607,90550,90595,0.83454317
2025-11-29T06:50:00+00:00,90597,90597,90503,90533,1.71721536
2025-11-29T06:55:00+00:00,90529,90604,90510,90583,1.26114545
2025-11-29T07:00:00+00:00,90582,90666,90578,90665,0.36937269
2025-11-29T07:05:00+00:00,90666,90677,90531,90531,0.24569628
2025-11-29T07:10:00+00:00,90522,90600,90506,90571,0.49951699
2025-11-29T07:15:00+00:00,90571,90637,90571,90581,0.40693241
2025-11-29T07:20:00+00:00,90556,90568,90521,90527,0.10478041
2025-11-29T07:25:00+00:00,90527,90561,90480,90489,0.20671221
2025-11-29T07:30:00+00:00,90500,90538,90427,90427,2.23924582
2025-11-29T07:35:00+00:00,90428,90448,90397,90416,5.99373573
2025-11-29T07:40:00+00:00,90413,90460,90400,90451,0.54149147
2025-11-29T07:45:00+00:00,90447,90509,90447,90449,1.78185259
2025-11-29T07:50:00+00:00,90444,90503,90444,90493,0.25692837
2025-11-29T07:55:00+00:00,90493,90599,90493,90585,0.64175585
2025-11-29T08:00:00+00:00,90586,90586,90508,90530,0.19202341
2025-11-29T08:05:00+00:00,90545,90662,90545,90631,0.24300286
2025-11-29T08:10:00+00:00,90632,90677,90632,90653,0.48970003
2025-11-29T08:15:00+00:00,90653,90739,90642,90669,20.84705547
2025-11-29T08:20:00+00:00,90669,90742,90662,90734,0.47853927
2025-11-29T08:25:00+00:00,90726,90726,90645,90645,0.84074532
2025-11-29T08:30:00+00:00,90645,90720,90585,90719,0.64842673
2025-11-29T08:35:00+00:00,90726,90726,90640,90675,2.53224476
2025-11-29T08:40:00+00:00,90676,90699,90657,90658,0.3077344
2025-11-29T08:45:00+00:00,90653,90653,90594,90595,1.62295003
2025-11-29T08:50:00+00:00,90599,90629,90581,90581,0.36541352
2025-11-29T08:55:00+00:00,90585,90648,90580,90648,1.28254209
2025-11-29T09:00:00+00:00,90648,90681,90632,90681,0.90696682
2025-11-29T09:05:00+00:00,90671,90688,90539,90550,1.53584023
2025-11-29T09:10:00+00:00,90549,90625,90549,90614,0.15008196
2025-11-29T09:15:00+00:00,90614,90657,90604,90605,3.76895322
2025-11-29T09:20:00+00:00,90612,90612,90556,90592,0.65199799
2025-11-29T09:25:00+00:00,90592,90630,90553,90554,0.76761825
2025-11-29T09:30:00+00:00,90554,90592,90542,90560,0.67801257
2025-11-29T09:35:00+00:00,90544,90606,90531,90584,0.35021204
2025-11-29T09:40:00+00:00,90576,90614,90561,90609,0.09482994
2025-11-29T09:45:00+00:00,90616,90641,90591,90632,0.30986773
2025-11-29T09:50:00+00:00,90621,90639,90605,90605,0.5577827
2025-11-29T09:55:00+00:00,90606,90614,90584,90585,0.05879168
2025-11-29T10:00:00+00:00,90585,90605,90572,90585,0.47189639
2025-11-29T10:05:00+00:00,90567,90602,90532,90572,0.35536947
2025-11-29T10:10:00+00:00,90572,90654,90572,90599,0.31514167
2025-11-29T10:15:00+00:00,90599,90623,90476,90476,1.26764464
2025-11-29T10:20:00+00:00,90476,90553,90406,90553,1.06280309
2025-11-29T10:25:00+00:00,90578,90632,90578,90592,0.60053845
2025-11-29T10:30:00+00:00,90592,90660,90592,90607,0.66511762
2025-11-29T10:35:00+00:00,90607,90635,90607,90627,0.1707854
2025-11-29T10:40:00+00:00,90627,90644,90615,90638,0.23524289
2025-11-29T10:45:00+00:00,90633,90675,90587,90587,0.43298672
2025-11-29T10:50:00+00:00,90588,90618,90563,90563,0.21258147
2025-11-29T10:55:00+00:00,90563,90601,90563,90592,0.45853082
2025-11-29T11:00:00+00:00,90561,90587,90561,90574,0.3954106
2025-11-29T11:05:00+00:00,90573,90573,90488,90524,1.03265607
2025-11-29T11:10:00+00:00,90538,90642,90538,90626,0.87523496
2025-11-29T11:15:00+00:00,90635,90635,90572,90572,0.3674602
2025-11-29T11:20:00+00:00,90573,90596,90563,90581,0.11324314
2025-11-29T11:25:00+00:00,90550,90562,90536,90562,0.53562539
2025-11-29T11:30:00+00:00,90569,90569,90521,90566,2.4229411
2025-11-29T11:35:00+00:00,90567,90600,90536,90600,0.29390248
2025-11-29T11:40:00+00:00,90602,90647,90575,90625,1.36952882
2025-11-29T11:45:00+00:00,90624,90644,90616,90628,0.35375658
2025-11-29T11:50:00+00:00,90628,90695,90628,90691,0.62675992
2025-11-29T11:55:00+00:00,90691,90706,90684,90705,8.20677845
2025-11-29T12:00:00+00:00,90705,90727,90685,90721,3.71826303
2025-11-29T12:05:00+00:00,90732,90819,90732,90819,4.86679777
2025-11-29T12:10:00+00:00,90817,90817,90695,90695,3.05446579
2025-11-29T12:15:00+00:00,90681,90697,90624,90643,1.10053732
2025-11-29T12:20:00+00:00,90644,90665,90599,90603,0.63822314
2025-11-29T12:25:00+00:00,90603,90605,90585,90585,0.1370199
2025-11-29T12:30:00+00:00,90584,90642,90558,90642,0.3537914
2025-11-29T12:35:00+00:00,90642,90642,90580,90620,0.2943873
2025-11-29T12:40:00+00:00,90616,90647,90616,90647,0.08459673
2025-11-29T12:45:00+00:00,90647,90714,90643,90681,0.45739705
2025-11-29T12:50:00+00:00,90680,90738,90664,90719,2.37003016
2025-11-29T12:55:00+00:00,90719,90719,90647,90647,0.1328635
2025-11-29T13:00:00+00:00,90646,90703,90630,90703,0.82153516
2025-11-29T13:05:00+00:00,90702,90703,90657,90659,0.16011694
2025-11-29T13:10:00+00:00,90657,90667,90642,90642,0.13636243
2025-11-29T13:15:00+00:00,90642,90682,90623,90682,1.44593289
2025-11-29T13:20:00+00:00,90692,90773,90692,90722,0.65666159
2025-11-29T13:25:00+00:00,90721,90817,90721,90796,3.52196297
2025-11-29T13:30:00+00:00,90804,90819,90769,90793,0.52460408
2025-11-29T13:35:00+00:00,90793,90793,90719,90741,1.75944861
2025-11-29T13:40:00+00:00,90741,90783,90741,90774,1.54537901
2025-11-29T13:45:00+00:00,90780,90805,90776,90805,0.70595651
2025-11-29T13:50:00+00:00,90805,90834,90805,90825,1.46230912
2025-11-29T13:55:00+00:00,90825,90830,90795,90817,0.62461339
2025-11-29T14:00:00+00:00,90816,90816,90760,90761,0.42310824
2025-11-29T14:05:00+00:00,90761,90784,90726,90758,2.50268029
2025-11-29T14:10:00+00:00,90743,90753,90709,90753,0.58835904
2025-11-29T14:15:00+00:00,90759,90766,90713,90715,0.36140708
2025-11-29T14:20:00+00:00,90714,90715,90688,90689,0.90707497
2025-11-29T14:25:00+00:00,90690,90696,90689,90696,2.17533735
2025-11-29T14:30:00+00:00,90696,90735,90688,90689,0.46987661
2025-11-29T14:35:00+00:00,90689,90704,90688,90692,0.65725734
2025-11-29T14:40:00+00:00,90691,90709,90677,90702,7.17817983
2025-11-29T14:45:00+00:00,90701,90725,90667,90725,1.53314158
2025-11-29T14:50:00+00:00,90725,90726,90677,90684,0.10306303
2025-11-29T14:55:00+00:00,90679,90679,90651,90651,1.15802481
2025-11-29T15:00:00+00:00,90651,90702,90651,90675,1.25039776
2025-11-29T15:05:00+00:00,90675,90719,90675,90718,0.39156251
2025-11-29T15:10:00+00:00,90720,90790,90720,90790,0.30433764
2025-11-29T15:15:00+00:00,90795,91031,90795,90965,24.78748655
2025-11-29T15:20:00+00:00,90969,91124,90955,91001,7.26081677
2025-11-29T15:25:00+00:00,90984,90984,90906,90918,10.17511358
2025-11-29T15:30:00+00:00,90917,90970,90906,90964,1.11460475
2025-11-29T15:35:00+00:00,90933,90933,90885,90932,1.24105558
2025-11-29T15:40:00+00:00,90934,90935,90905,90905,0.32303915
2025-11-29T15:45:00+00:00,90907,91037,90907,91037,6.12964918
2025-11-29T15:50:00+00:00,91037,91069,91026,91039,3.42252906
2025-11-29T15:55:00+00:00,91039,91081,91039,91081,1.15468433
2025-11-29T16:00:00+00:00,91081,91091,91014,91047,1.51567768
2025-11-29T16:05:00+00:00,91053,91101,90978,90996,1.83810105
2025-11-29T16:10:00+00:00,91002,91086,91002,91025,0.90716755
2025-11-29T16:15:00+00:00,91025,91124,91006,91124,2.21233654
2025-11-29T16:20:00+00:00,91124,91179,91084,91097,3.40138378
2025-11-29T16:25:00+00:00,91097,91097,90906,90935,12.35604951
2025-11-29T16:30:00+00:00,90935,91001,90935,91000,1.57714421
2025-11-29T16:35:00+00:00,91000,91000,90941,90966,1.24606876
2025-11-29T16:40:00+00:00,90970,90980,90951,90960,0.40020498
2025-11-29T16:45:00+00:00,90954,90954,90906,90910,0.39760084
2025-11-29T16:50:00+00:00,90911,91042,90911,91041,0.49564135
2025-11-29T16:55:00+00:00,91037,91041,91022,91033,0.3590086
2025-11-29T17:00:00+00:00,91033,91048,91020,91029,0.31188823
2025-11-29T17:05:00+00:00,91016,91016,90884,90887,2.10403915
2025-11-29T17:10:00+00:00,90890,90890,90753,90753,7.20177192
2025-11-29T17:15:00+00:00,90754,90801,90640,90771,9.31332741
2025-11-29T17:20:00+00:00,90771,90771,90678,90737,1.89453469
2025-11-29T17:25:00+00:00,90737,90746,90689,90739,1.14529139
2025-11-29T17:30:00+00:00,90738,90739,90514,90515,7.6431896
2025-11-29T17:35:00+00:00,90515,90666,90515,90653,0.73278531
2025-11-29T17:40:00+00:00,90642,90667,90618,90618,0.40882993
2025-11-29T17:45:00+00:00,90614,90659,90543,90574,13.03738685
2025-11-29T17:50:00+00:00,90556,90584,90503,90523,2.71034191
2025-11-29T17:55:00+00:00,90526,90529,90471,90471,2.67316117
2025-11-29T18:00:00+00:00,90471,90571,90438,90439,5.73006783
2025-11-29T18:05:00+00:00,90438,90588,90413,90550,1.72882025
2025-11-29T18:10:00+00:00,90550,90554,90216,90410,17.87147841
2025-11-29T18:15:00+00:00,90424,90556,90248,90313,7.99605051
2025-11-29T18:20:00+00:00,90339,90408,90332,90332,0.68125827
2025-11-29T18:25:00+00:00,90321,90367,90273,90329,1.37964496
2025-11-29T18:30:00+00:00,90328,90448,90253,90397,3.45029121
2025-11-29T18:35:00+00:00,90380,90533,90380,90504,1.91527314
2025-11-29T18:40:00+00:00,90489,90644,90489,90614,7.6383555
2025-11-29T18:45:00+00:00,90625,90699,90605,90659,21.25375593
2025-11-29T18:50:00+00:00,90656,90731,90650,90685,1.84192748
2025-11-29T18:55:00+00:00,90682,90742,90682,90733,2.15450253
2025-11-29T19:00:00+00:00,90734,90742,90640,90661,5.04041047
2025-11-29T19:05:00+00:00,90656,90786,90637,90786,3.2118149
2025-11-29T19:10:00+00:00,90797,90817,90764,90764,2.35747555
2025-11-29T19:15:00+00:00,90762,90798,90733,90758,1.45015339
2025-11-29T19:20:00+00:00,90758,90840,90758,90832,1.68494457
2025-11-29T19:25:00+00:00,90831,90872,90819,90841,1.73436797
2025-11-29T19:30:00+00:00,90841,90858,90733,90734,0.65062028
2025-11-29T19:35:00+00:00,90733,90741,90703,90713,0.18799997
2025-11-29T19:40:00+00:00,90713,90741,90662,90676,0.1763015
2025-11-29T19:45:00+00:00,90664,90705,90641,90645,0.18687814
2025-11-29T19:50:00+00:00,90655,90693,90634,90693,0.16669022
2025-11-29T19:55:00+00:00,90686,90699,90656,90678,0.13877546
2025-11-29T20:00:00+00:00,90672,90672,90501,90501,4.35549735
2025-11-29T20:05:00+00:00,90501,90508,90449,90483,19.44167732
2025-11-29T20:10:00+00:00,90483,90550,90472,90489,0.53829833
2025-11-29T20:15:00+00:00,90489,90590,90481,90590,0.66320695
2025-11-29T20:20:00+00:00,90590,90638,90589,90594,1.07943129
2025-11-29T20:25:00+00:00,90591,90720,90591,90695,1.12279304
2025-11-29T20:30:00+00:00,90693,90748,90682,90746,0.59712659
2025-11-29T20:35:00+00:00,90754,90782,90717,90735,1.32848698
2025-11-29T20:40:00+00:00,90713,90842,90704,90839,0.66985942
2025-11-29T20:45:00+00:00,90838,90928,90819,90910,28.27833642
2025-11-29T20:50:00+00:00,90909,90960,90909,90960,2.60942207
2025-11-29T20:55:00+00:00,90960,91048,90960,90998,3.48687689
2025-11-29T21:00:00+00:00,90995,91045,90910,90910,3.01914396
2025-11-29T21:05:00+00:00,90912,90942,90864,90876,1.412234
2025-11-29T21:10:00+00:00,90875,90898,90845,90885,0.52071514
2025-11-29T21:15:00+00:00,90885,90934,90839,90847,0.72050941
2025-11-29T21:20:00+00:00,90847,90990,90846,90942,1.22879042
2025-11-29T21:25:00+00:00,90942,90993,90942,90968,0.93068658
2025-11-29T21:30:00+00:00,90967,90993,90935,90993,1.35008502
2025-11-29T21:35:00+00:00,90992,91033,90992,91033,2.15216249
2025-11-29T21:40:00+00:00,91033,91070,91011,91060,5.11675606
2025-11-29T21:45:00+00:00,91059,91081,91005,91006,3.21667988
2025-11-29T21:50:00+00:00,91006,91048,90968,91044,3.91682928
2025-11-29T21:55:00+00:00,91043,91064,91025,91040,1.6848825
2025-11-29T22:00:00+00:00,91040,91040,90945,90947,2.64132966
2025-11-29T22:05:00+00:00,90946,90952,90922,90936,0.48617475
2025-11-29T22:10:00+00:00,90936,90937,90765,90772,3.33145289
2025-11-29T22:15:00+00:00,90773,90849,90773,90807,0.29058334
2025-11-29T22:20:00+00:00,90807,90807,90745,90775,0.56296632
2025-11-29T22:25:00+00:00,90759,90792,90741,90758,0.32273177
2025-11-29T22:30:00+00:00,90757,90822,90741,90822,0.56352467
2025-11-29T22:35:00+00:00,90822,90871,90821,90867,0.92469784
2025-11-29T22:40:00+00:00,90882,90931,90831,90921,2.46514368
2025-11-29T22:45:00+00:00,90921,90949,90791,90822,1.68248982
2025-11-29T22:50:00+00:00,90808,90839,90790,90835,0.87775113
2025-11-29T22:55:00+00:00,90835,90865,90757,90775,0.38299703
2025-11-29T23:00:00+00:00,90788,90833,90766,90798,0.47518002
2025-11-29T23:05:00+00:00,90798,90834,90745,90745,0.13639228
2025-11-29T23:10:00+00:00,90733,90755,90730,90742,0.3050459
2025-11-29T23:15:00+00:00,90742,90793,90736,90789,0.4489952
2025-11-29T23:20:00+00:00,90793,90883,90790,90883,0.80438703
2025-11-29T23:25:00+00:00,90883,90916,90862,90862,0.19932295
2025-11-29T23:30:00+00:00,90853,90888,90853,90858,0.50315134
2025-11-29T23:35:00+00:00,90851,90924,90850,90911,0.56049264
2025-11-29T23:40:00+00:00,90911,90911,90856,90880,0.74339745
2025-11-29T23:45:00+00:00,90880,90880,90781,90781,0.44250535
2025-11-29T23:50:00+00:00,90789,90867,90789,90851,0.40651385
2025-11-29T23:55:00+00:00,90851,90864,90831,90832,0.08099386
2025-11-30T00:00:00+00:00,90832,90873,90798,90871,0.58639404
2025-11-30T00:05:00+00:00,90871,90929,90871,90925,0.14542357
2025-11-30T00:10:00+00:00,90925,90948,90881,90926,1.03818758
2025-11-30T00:15:00+00:00,90922,90970,90891,90921,0.57636026
2025-11-30T00:20:00+00:00,90921,90921,90872,90873,0.06997441
2025-11-30T00:25:00+00:00,90891,90928,90891,90894,0.06468604
2025-11-30T00:30:00+00:00,90879,90901,90872,90872,0.1896638
2025-11-30T00:35:00+00:00,90872,90882,90847,90869,0.71813539
2025-11-30T00:40:00+00:00,90888,90932,90880,90892,0.18556422
2025-11-30T00:45:00+00:00,90893,90893,90846,90857,0.31617033
2025-11-30T00:50:00+00:00,90858,90885,90858,90871,0.66876328
2025-11-30T00:55:00+00:00,90870,90922,90870,90918,0.22037992
2025-11-30T01:00:00+00:00,90919,90977,90892,90977,0.19711162
2025-11-30T01:05:00+00:00,90977,91047,90977,91035,3.6463437
2025-11-30T01:10:00+00:00,91021,91040,91016,91031,0.47195013
2025-11-30T01:15:00+00:00,91031,91074,90995,90995,0.50569125
2025-11-30T01:20:00+00:00,90995,91023,90975,90975,0.19749885
2025-11-30T01:25:00+00:00,90963,90979,90940,90979,0.2703381
2025-11-30T01:30:00+00:00,90981,91049,90980,91031,0.68168519
2025-11-30T01:35:00+00:00,91032,91039,91006,91014,0.57101896
2025-11-30T01:40:00+00:00,91014,91014,90957,90985,0.3352237
2025-11-30T01:45:00+00:00,90985,90985,90942,90972,2.33441974
2025-11-30T01:50:00+00:00,90972,90979,90921,90940,2.09329132
2025-11-30T01:55:00+00:00,90940,90964,90931,90940,0.07674089
2025-11-30T02:00:00+00:00,90939,91023,90939,91023,0.15885816
2025-11-30T02:05:00+00:00,91023,91043,91000,91032,0.12516569
2025-11-30T02:10:00+00:00,91042,91060,90975,90975,0.01640806
2025-11-30T02:15:00+00:00,90976,90987,90935,90971,0.09264319
2025-11-30T02:20:00+00:00,90970,91017,90938,90988,0.78686057
2025-11-30T02:25:00+00:00,90984,90985,90945,90983,0.12925065
2025-11-30T02:30:00+00:00,90984,91017,90984,91017,0.05406474
2025-11-30T02:35:00+00:00,91016,91017,90905,90914,0.04637699
2025-11-30T02:40:00+00:00,90913,90913,90854,90876,0.27465134
2025-11-30T02:45:00+00:00,90876,90896,90849,90872,0.41144777
2025-11-30T02:50:00+00:00,90868,90895,90808,90812,12.17027753
2025-11-30T02:55:00+00:00,90813,90820,90786,90820,1.29247145
2025-11-30T03:00:00+00:00,90820,90838,90786,90805,0.49431459
2025-11-30T03:05:00+00:00,90786,90806,90669,90669,5.66661107
2025-11-30T03:10:00+00:00,90669,90686,90644,90647,0.75760195
2025-11-30T03:15:00+00:00,90647,90673,90516,90516,7.03662324
2025-11-30T03:20:00+00:00,90504,90742,90503,90742,5.45975136
2025-11-30T03:25:00+00:00,90742,90742,90718,90719,0.53276035
2025-11-30T03:30:00+00:00,90718,90786,90710,90771,11.91596789
2025-11-30T03:35:00+00:00,90736,90763,90727,90752,0.2445477
2025-11-30T03:40:00+00:00,90759,90917,90759,90917,6.24756962
2025-11-30T03:45:00+00:00,90917,90928,90886,90917,0.93085174
2025-11-30T03:50:00+00:00,90917,90917,90879,90888,0.29195525
2025-11-30T03:55:00+00:00,90888,90928,90887,90928,0.11585721
2025-11-30T04:00:00+00:00,90928,90971,90894,90967,2.08048284
2025-11-30T04:05:00+00:00,90949,90982,90934,90960,0.85275674
2025-11-30T04:10:00+00:00,90961,90978,90952,90960,0.67805179
2025-11-30T04:15:00+00:00,90958,90959,90898,90934,0.36932659
2025-11-30T04:20:00+00:00,90934,90957,90931,90941,0.31704063
2025-11-30T04:25:00+00:00,90941,90941,90885,90897,0.51020322
2025-11-30T04:30:00+00:00,90896,90910,90855,90902,1.26332819
2025-11-30T04:35:00+00:00,90902,90925,90886,90907,0.14266502
2025-11-30T04:40:00+00:00,90907,90907,90845,90864,1.38161193
2025-11-30T04:45:00+00:00,90864,90870,90819,90843,0.10606684
2025-11-30T04:50:00+00:00,90851,90879,90843,90856,0.41057648
2025-11-30T04:55:00+00:00,90856,90875,90840,90874,0.36899997
2025-11-30T05:00:00+00:00,90873,90873,90785,90785,1.19801123
2025-11-30T05:05:00+00:00,90785,90790,90775,90784,7.81754469
2025-11-30T05:10:00+00:00,90784,90817,90783,90803,1.33298425
2025-11-30T05:15:00+00:00,90803,90824,90702,90757,6.15795026
2025-11-30T05:20:00+00:00,90757,90757,90700,90714,0.8787899
2025-11-30T05:25:00+00:00,90714,90740,90705,90705,0.37237141
2025-11-30T05:30:00+00:00,90706,90778,90706,90732,0.15641709
2025-11-30T05:35:00+00:00,90733,90760,90731,90743,0.11719644
2025-11-30T05:40:00+00:00,90767,90802,90767,90780,0.16770032
2025-11-30T05:45:00+00:00,90772,90784,90750,90757,1.16742172
2025-11-30T05:50:00+00:00,90757,90836,90757,90826,0.38188209
2025-11-30T05:55:00+00:00,90831,90841,90814,90814,0.04858143
2025-11-30T06:00:00+00:00,90811,90850,90810,90850,0.31658954
2025-11-30T06:05:00+00:00,90856,90895,90745,90746,0.57416366
2025-11-30T06:10:00+00:00,90746,90801,90746,90794,0.47892126
2025-11-30T06:15:00+00:00,90783,90808,90744,90803,0.14200516
2025-11-30T06:20:00+00:00,90804,90893,90804,90893,0.32046237
2025-11-30T06:25:00+00:00,90898,90917,90898,90917,2.67552772
2025-11-30T06:30:00+00:00,90917,90939,90913,90939,10.01764945
2025-11-30T06:35:00+00:00,90938,90943,90928,90929,0.73012756
2025-11-30T06:40:00+00:00,90929,90932,90917,90932,0.18355846
2025-11-30T06:45:00+00:00,90932,90940,90884,90897,0.44664711
2025-11-30T06:50:00+00:00,90897,90920,90894,90904,0.2684387
2025-11-30T06:55:00+00:00,90904,90919,90900,90916,0.0234319
2025-11-30T07:00:00+00:00,90916,90917,90881,90916,1.82352927
2025-11-30T07:05:00+00:00,90917,90949,90917,90920,0.75471745
2025-11-30T07:10:00+00:00,90918,90970,90895,90970,4.15504419
2025-11-30T07:15:00+00:00,90970,90971,90934,90970,2.44234624
2025-11-30T07:20:00+00:00,90971,90971,90953,90964,0.5463888
2025-11-30T07:25:00+00:00,90964,90982,90964,90969,0.47410746
2025-11-30T07:30:00+00:00,90969,90981,90959,90965,0.69231996
2025-11-30T07:35:00+00:00,90965,90976,90948,90974,0.79647813
2025-11-30T07:40:00+00:00,90973,90973,90920,90931,0.11862629
2025-11-30T07:45:00+00:00,90930,91037,90926,91037,9.93008659
2025-11-30T07:50:00+00:00,91037,91048,90942,90942,1.54296408
2025-11-30T07:55:00+00:00,90941,91011,90936,90980,1.56434655
2025-11-30T08:00:00+00:00,90980,91019,90954,90997,0.63774612
2025-11-30T08:05:00+00:00,90986,91026,90985,91026,0.58314979
2025-11-30T08:10:00+00:00,91026,91048,90995,91002,0.30277562
2025-11-30T08:15:00+00:00,91002,91046,90981,91046,1.18982687
2025-11-30T08:20:00+00:00,91048,91413,91047,91314,25.70242244
2025-11-30T08:25:00+00:00,91313,91313,91146,91163,15.64193709
2025-11-30T08:30:00+00:00,91163,91230,91059,91195,7.68989612
2025-11-30T08:35:00+00:00,91194,91195,90971,90985,5.07968343
2025-11-30T08:40:00+00:00,90993,91219,90993,91191,15.66310647
2025-11-30T08:45:00+00:00,91190,91212,91131,91206,3.23516283
2025-11-30T08:50:00+00:00,91206,91299,91206,91234,5.60697512
2025-11-30T08:55:00+00:00,91233,91265,91183,91188,2.33206193
2025-11-30T09:00:00+00:00,91191,91241,91143,91241,1.70977513
2025-11-30T09:05:00+00:00,91246,91321,91230,91321,4.12537567
2025-11-30T09:10:00+00:00,91321,91574,91304,91496,22.74277217
2025-11-30T09:15:00+00:00,91503,91629,91417,91523,18.32773259
2025-11-30T09:20:00+00:00,91494,91517,91428,91428,1.36175684
2025-11-30T09:25:00+00:00,91424,91432,91343,91432,17.31088486
2025-11-30T09:30:00+00:00,91432,91444,91333,91403,5.34657574
2025-11-30T09:35:00+00:00,91408,91419,91354,91368,2.66111135
2025-11-30T09:40:00+00:00,91368,91425,91356,91420,1.42133267
2025-11-30T09:45:00+00:00,91420,91458,91332,91333,3.38002311
2025-11-30T09:50:00+00:00,91332,91370,91321,91336,5.40522134
2025-11-30T09:55:00+00:00,91336,91433,91336,91420,4.20224165
2025-11-30T10:00:00+00:00,91405,91460,91351,91353,2.28958818
2025-11-30T10:05:00+00:00,91353,91355,91299,91299,1.38572841
2025-11-30T10:10:00+00:00,91299,91299,91257,91277,2.28541723
2025-11-30T10:15:00+00:00,91276,91340,91256,91339,0.17363064
2025-11-30T10:20:00+00:00,91341,91367,91324,91340,1.2298691
2025-11-30T10:25:00+00:00,91340,91402,91340,91402,0.14241996
2025-11-30T10:30:00+00:00,91402,91402,91276,91276,0.3439959
2025-11-30T10:35:00+00:00,91257,91267,91256,91256,0.1544656
2025-11-30T10:40:00+00:00,91256,91261,91234,91247,1.68043796
2025-11-30T10:45:00+00:00,91240,91286,91223,91284,1.71141024
2025-11-30T10:50:00+00:00,91291,91291,91223,91224,0.56788737
2025-11-30T10:55:00+00:00,91227,91254,91227,91245,0.47449574
2025-11-30T11:00:00+00:00,91242,91303,91223,91302,1.28140042
2025-11-30T11:05:00+00:00,91303,91406,91282,91339,3.17216583
2025-11-30T11:10:00+00:00,91340,91382,91340,91341,1.16571907
2025-11-30T11:15:00+00:00,91340,91352,91270,91270,0.40929164
2025-11-30T11:20:00+00:00,91270,91305,91261,91269,1.46872794
2025-11-30T11:25:00+00:00,91262,91264,91234,91263,2.04302972
2025-11-30T11:30:00+00:00,91278,91278,91171,91188,4.84536405
2025-11-30T11:35:00+00:00,91188,91188,91136,91157,2.92483362
2025-11-30T11:40:00+00:00,91161,91188,91149,91153,2.32052654
2025-11-30T11:45:00+00:00,91146,91209,91146,91157,1.19010868
2025-11-30T11:50:00+00:00,91139,91139,91026,91118,8.64466426
2025-11-30T11:55:00+00:00,91114,91115,91064,91064,0.20515348
2025-11-30T12:00:00+00:00,91064,91103,91032,91062,1.25160028
2025-11-30T12:05:00+00:00,91063,91171,91063,91170,3.53422327
2025-11-30T12:10:00+00:00,91171,91245,91171,91245,3.88710278
2025-11-30T12:15:00+00:00,91245,91354,91245,91268,19.27915887
2025-11-30T12:20:00+00:00,91268,91348,91260,91335,0.67686922
2025-11-30T12:25:00+00:00,91335,91335,91272,91273,5.0835389
2025-11-30T12:30:00+00:00,91273,91278,91222,91222,1.15137593
2025-11-30T12:35:00+00:00,91222,91282,91222,91242,2.21555193
2025-11-30T12:40:00+00:00,91239,91462,91239,91449,8.6700499
2025-11-30T12:45:00+00:00,91449,91518,91417,91493,5.58925688
2025-11-30T12:50:00+00:00,91490,91491,91412,91461,2.86746186
2025-11-30T12:55:00+00:00,91461,91480,91405,91480,0.8323339
2025-11-30T13:00:00+00:00,91479,91516,91439,91510,2.07862442
2025-11-30T13:05:00+00:00,91510,91518,91410,91438,1.1168265
2025-11-30T13:10:00+00:00,91438,91480,91427,91470,0.39024782
2025-11-30T13:15:00+00:00,91470,91706,91470,91706,11.97957035
2025-11-30T13:20:00+00:00,91706,91969,91674,91940,25.95871663
2025-11-30T13:25:00+00:00,91940,91940,91774,91847,8.27385964
2025-11-30T13:30:00+00:00,91847,91877,91754,91786,2.66351837
2025-11-30T13:35:00+00:00,91792,91854,91786,91810,3.20989163
2025-11-30T13:40:00+00:00,91811,91818,91695,91695,18.86739114
2025-11-30T13:45:00+00:00,91695,91754,91651,91652,11.53965927
2025-11-30T13:50:00+00:00,91652,91780,91642,91780,3.17210815
2025-11-30T13:55:00+00:00,91784,91794,91716,91761,2.21642503
2025-11-30T14:00:00+00:00,91766,91775,91693,91737,1.98021695
2025-11-30T14:05:00+00:00,91737,91746,91683,91704,0.580834
2025-11-30T14:10:00+00:00,91703,91704,91651,91687,3.58296655
2025-11-30T14:15:00+00:00,91687,91709,91558,91558,7.347646
2025-11-30T14:20:00+00:00,91558,91588,91498,91550,4.91409013
2025-11-30T14:25:00+00:00,91551,91562,91533,91550,4.23903476
2025-11-30T14:30:00+00:00,91554,91585,91503,91509,0.48108743
2025-11-30T14:35:00+00:00,91509,91509,91290,91319,15.32381421
2025-11-30T14:40:00+00:00,91306,91385,91272,91363,5.79575904
2025-11-30T14:45:00+00:00,91364,91443,91337,91443,10.17774098
2025-11-30T14:50:00+00:00,91442,91461,91400,91457,2.02178117
2025-11-30T14:55:00+00:00,91457,91486,91431,91486,1.11028912
2025-11-30T15:00:00+00:00,91486,91486,91403,91404,1.71823185
2025-11-30T15:05:00+00:00,91401,91422,91325,91378,0.88625128
2025-11-30T15:10:00+00:00,91379,91418,91363,91418,1.09193752
2025-11-30T15:15:00+00:00,91417,91461,91360,91461,4.58051815
2025-11-30T15:20:00+00:00,91461,91563,91461,91563,13.70547239
2025-11-30T15:25:00+00:00,91562,91596,91537,91584,2.62462675
2025-11-30T15:30:00+00:00,91575,91575,91388,91407,2.58256652
2025-11-30T15:35:00+00:00,91408,91454,91384,91443,2.75920154
2025-11-30T15:40:00+00:00,91425,91444,91411,91441,0.90878962
2025-11-30T15:45:00+00:00,91427,91502,91420,91489,18.97434992
2025-11-30T15:50:00+00:00,91477,91495,91436,91494,2.40233194
2025-11-30T15:55:00+00:00,91494,91494,91445,91446,3.97948121
2025-11-30T16:00:00+00:00,91446,91476,91420,91454,2.33095826
2025-11-30T16:05:00+00:00,91454,91487,91420,91460,3.42815322
2025-11-30T16:10:00+00:00,91459,91506,91459,91506,1.2875868
2025-11-30T16:15:00+00:00,91517,91578,91484,91567,1.81457807
2025-11-30T16:20:00+00:00,91567,91750,91567,91709,10.389608
2025-11-30T16:25:00+00:00,91718,91772,91718,91763,2.87111073
2025-11-30T16:30:00+00:00,91763,91772,91647,91647,8.35347089
2025-11-30T16:35:00+00:00,91647,91736,91647,91736,1.80715591
2025-11-30T16:40:00+00:00,91736,91759,91696,91707,1.78332278
2025-11-30T16:45:00+00:00,91711,91827,91696,91827,6.38236052
2025-11-30T16:50:00+00:00,91827,91853,91812,91830,4.34943283
2025-11-30T16:55:00+00:00,91830,91830,91775,91817,6.15973388
2025-11-30T17:00:00+00:00,91820,91821,91640,91641,3.27513603
2025-11-30T17:05:00+00:00,91641,91655,91541,91541,16.86444437
2025-11-30T17:10:00+00:00,91541,91542,91376,91423,11.61557752
2025-11-30T17:15:00+00:00,91422,91526,91417,91493,5.7631682
2025-11-30T17:20:00+00:00,91492,91492,91383,91411,3.8917017
2025-11-30T17:25:00+00:00,91412,91425,91369,91388,3.62258832
2025-11-30T17:30:00+00:00,91388,91436,91365,91365,2.14002648
2025-11-30T17:35:00+00:00,91365,91474,91324,91462,8.08356416
2025-11-30T17:40:00+00:00,91463,91538,91463,91494,3.67905609
2025-11-30T17:45:00+00:00,91494,91541,91494,91540,2.08754257
2025-11-30T17:50:00+00:00,91541,91541,91482,91489,0.88697083
2025-11-30T17:55:00+00:00,91490,91516,91490,91499,0.10513973
2025-11-30T18:00:00+00:00,91500,91500,91332,91332,1.65097774
2025-11-30T18:05:00+00:00,91332,91350,91179,91220,15.20459904
2025-11-30T18:10:00+00:00,91220,91321,91220,91311,2.35566989
2025-11-30T18:15:00+00:00,91311,91354,91248,91336,4.69838963
2025-11-30T18:20:00+00:00,91336,91387,91336,91361,3.91610537
2025-11-30T18:25:00+00:00,91361,91387,91361,91387,1.7222392
2025-11-30T18:30:00+00:00,91387,91409,91349,91404,10.5927901
2025-11-30T18:35:00+00:00,91405,91420,91360,91420,2.23156189
2025-11-30T18:40:00+00:00,91418,91418,91341,91389,0.70403741
2025-11-30T18:45:00+00:00,91388,91420,91377,91402,2.01635294
2025-11-30T18:50:00+00:00,91402,91475,91402,91469,3.03904029
2025-11-30T18:55:00+00:00,91466,91475,91448,91460,0.59969406
2025-11-30T19:00:00+00:00,91459,91479,91426,91433,1.07440927
2025-11-30T19:05:00+00:00,91433,91457,91425,91457,0.47194699
2025-11-30T19:10:00+00:00,91457,91473,91412,91456,2.12377862
2025-11-30T19:15:00+00:00,91455,91486,91404,91404,0.96615021
2025-11-30T19:20:00+00:00,91405,91405,91354,91377,1.21809586
2025-11-30T19:25:00+00:00,91376,91398,91314,91351,1.10220122
2025-11-30T19:30:00+00:00,91343,91357,91312,91328,0.93341577
2025-11-30T19:35:00+00:00,91325,91481,91325,91466,5.27871312
2025-11-30T19:40:00+00:00,91466,91480,91458,91459,1.23586029
2025-11-30T19:45:00+00:00,91455,91474,91437,91441,1.62850875
2025-11-30T19:50:00+00:00,91443,91448,91432,91448,0.42334351
2025-11-30T19:55:00+00:00,91448,91484,91447,91470,1.66585396
2025-11-30T20:00:00+00:00,91458,91474,91426,91474,0.50654415
2025-11-30T20:05:00+00:00,91476,91574,91476,91574,5.1382476
2025-11-30T20:10:00+00:00,91574,91618,91568,91571,3.80707353
2025-11-30T20:15:00+00:00,91568,91568,91472,91494,3.90329696
2025-11-30T20:20:00+00:00,91491,91491,91398,91399,10.1293307
2025-11-30T20:25:00+00:00,91398,91399,91321,91327,6.06299858
2025-11-30T20:30:00+00:00,91324,91342,91223,91224,5.85530082
2025-11-30T20:35:00+00:00,91224,91239,91218,91221,1.40038162
2025-11-30T20:40:00+00:00,91220,91288,91191,91278,4.29499475
2025-11-30T20:45:00+00:00,91278,91373,91263,91327,1.37672466
2025-11-30T20:50:00+00:00,91327,91327,91271,91305,0.30950712
2025-11-30T20:55:00+00:00,91306,91344,91306,91324,0.84472714
2025-11-30T21:00:00+00:00,91320,91340,91278,91297,1.74202714
2025-11-30T21:05:00+00:00,91296,91321,91271,91271,0.7207981
2025-11-30T21:10:00+00:00,91257,91258,90989,91175,14.77264665
2025-11-30T21:15:00+00:00,91176,91222,91104,91104,3.55580366
2025-11-30T21:20:00+00:00,91075,91085,90918,90960,9.41372973
2025-11-30T21:25:00+00:00,90960,91078,90960,91078,3.03518756
2025-11-30T21:30:00+00:00,91079,91196,91054,91131,16.13343495
2025-11-30T21:35:00+00:00,91130,91191,91110,91115,2.41988601
2025-11-30T21:40:00+00:00,91111,91111,91058,91066,1.86446475
2025-11-30T21:45:00+00:00,91066,91152,91066,91116,1.97190484
2025-11-30T21:50:00+00:00,91116,91174,91112,91174,3.65991709
2025-11-30T21:55:00+00:00,91174,91190,91174,91179,1.40840968
2025-11-30T22:00:00+00:00,91180,91256,91180,91256,4.73061851
2025-11-30T22:05:00+00:00,91256,91310,91246,91290,3.31325611
2025-11-30T22:10:00+00:00,91290,91310,91273,91273,2.17124801
2025-11-30T22:15:00+00:00,91254,91332,91250,91250,1.59730197
2025-11-30T22:20:00+00:00,91251,91256,91192,91222,7.5199792
2025-11-30T22:25:00+00:00,91222,91291,91222,91235,1.60751776
2025-11-30T22:30:00+00:00,91193,91199,91113,91113,7.57081113
2025-11-30T22:35:00+00:00,91113,91168,91070,91077,5.97629506
2025-11-30T22:40:00+00:00,91077,91193,91077,91092,1.60413588
2025-11-30T22:45:00+00:00,91087,91158,91060,91102,1.43699945
2025-11-30T22:50:00+00:00,91103,91185,91103,91185,1.50816827
2025-11-30T22:55:00+00:00,91185,91277,91175,91241,1.44732692
2025-11-30T23:00:00+00:00,91227,91253,91059,91060,2.76422152
2025-11-30T23:05:00+00:00,91060,91061,90884,90926,17.33675918
2025-11-30T23:10:00+00:00,90896,91013,90896,90981,0.58134292
2025-11-30T23:15:00+00:00,90982,90982,90885,90888,2.35909358
2025-11-30T23:20:00+00:00,90888,90929,90817,90890,5.98157948
2025-11-30T23:25:00+00:00,90885,90885,90666,90671,10.58830412
2025-11-30T23:30:00+00:00,90671,90718,90590,90608,6.87723882
2025-11-30T23:35:00+00:00,90608,90647,90525,90527,6.78884171
2025-11-30T23:40:00+00:00,90527,90682,90527,90662,10.49488103
2025-11-30T23:45:00+00:00,90652,90742,90609,90612,1.63534231
2025-11-30T23:50:00+00:00,90603,90628,90396,90405,10.2279002
2025-11-30T23:55:00+00:00,90405,90481,90362,90382,5.89119983
2025-12-01T00:00:00+00:00,90369,90421,89649,89817,70.83537645
2025-12-01T00:05:00+00:00,89823,89823,88961,89161,96.58555779
2025-12-01T00:10:00+00:00,89160,89293,88878,88945,80.08153779
2025-12-01T00:15:00+00:00,88921,89081,88645,88726,62.50460394
2025-12-01T00:20:00+00:00,88726,88850,88422,88548,46.17750143
2025-12-01T00:25:00+00:00,88548,88665,88358,88383,28.71026755
2025-12-01T00:30:00+00:00,88366,88452,87801,87937,56.4872196
2025-12-01T00:35:00+00:00,87953,88071,87674,87874,67.18054514
2025-12-01T00:40:00+00:00,87873,88195,87718,87747,53.52602622
2025-12-01T00:45:00+00:00,87748,87766,87401,87458,47.90605433
2025-12-01T00:50:00+00:00,87443,87488,87167,87167,26.70684401
2025-12-01T00:55:00+00:00,87167,87293,86990,87010,37.46717155
2025-12-01T01:00:00+00:00,87011,87582,86969,87450,45.17322561
2025-12-01T01:05:00+00:00,87476,87692,87285,87406,18.37342618
2025-12-01T01:10:00+00:00,87404,87551,87230,87414,44.36345011
2025-12-01T01:15:00+00:00,87420,87745,87414,87541,33.2326461
2025-12-01T01:20:00+00:00,87499,87563,87342,87358,24.29460612
2025-12-01T01:25:00+00:00,87358,87422,87261,87288,14.74953067
2025-12-01T01:30:00+00:00,87282,87470,87198,87361,9.28586949
2025-12-01T01:35:00+00:00,87370,87597,87359,87478,1.8151425
2025-12-01T01:40:00+00:00,87418,87560,87339,87439,2.63411377
2025-12-01T01:45:00+00:00,87438,87479,87341,87365,2.19520052
2025-12-01T01:50:00+00:00,87363,87376,87230,87230,5.50345105
2025-12-01T01:55:00+00:00,87206,87362,87162,87192,6.46762207
2025-12-01T02:00:00+00:00,87181,87377,87091,87366,18.76834212
2025-12-01T02:05:00+00:00,87371,87434,87216,87304,3.57780095
2025-12-01T02:10:00+00:00,87303,87512,87223,87425,2.88292625
2025-12-01T02:15:00+00:00,87417,87468,87271,87271,2.15048707
2025-12-01T02:20:00+00:00,87267,87291,87142,87150,4.16538045
2025-12-01T02:25:00+00:00,87149,87199,87103,87103,0.80369442
2025-12-01T02:30:00+00:00,87103,87140,87021,87107,7.69493836
2025-12-01T02:35:00+00:00,87108,87161,86563,86696,50.97534466
2025-12-01T02:40:00+00:00,86697,86962,86697,86831,15.89124333
2025-12-01T02:45:00+00:00,86832,86855,86509,86509,6.12849652
2025-12-01T02:50:00+00:00,86501,86781,86493,86780,8.04101863
2025-12-01T02:55:00+00:00,86773,86834,86729,86736,11.15583947
2025-12-01T03:00:00+00:00,86734,86807,86621,86777,22.64044517
2025-12-01T03:05:00+00:00,86775,86807,86448,86471,22.47960127
2025-12-01T03:10:00+00:00,86471,86525,86407,86408,8.96203153
2025-12-01T03:15:00+00:00,86408,86616,86335,86412,10.73564956
2025-12-01T03:20:00+00:00,86412,86572,86398,86470,4.24994217
2025-12-01T03:25:00+00:00,86480,86530,86373,86385,4.79719383
2025-12-01T03:30:00+00:00,86385,86402,86257,86269,5.65111132
2025-12-01T03:35:00+00:00,86269,86339,86171,86207,3.72391988
2025-12-01T03:40:00+00:00,86207,86443,86207,86443,5.29772055
2025-12-01T03:45:00+00:00,86443,86466,86239,86240,9.94498419
2025-12-01T03:50:00+00:00,86240,86376,86239,86292,5.40124942
2025-12-01T03:55:00+00:00,86290,86413,86280,86342,4.72563842
2025-12-01T04:00:00+00:00,86342,86342,86186,86206,6.6092986
2025-12-01T04:05:00+00:00,86206,86352,86193,86232,5.05814045
2025-12-01T04:10:00+00:00,86177,86270,86004,86050,24.96123554
2025-12-01T04:15:00+00:00,86043,86065,85900,86024,23.39765933
2025-12-01T04:20:00+00:00,86025,86025,85785,85846,16.27212503
2025-12-01T04:25:00+00:00,85823,85823,85700,85729,3.93960207
2025-12-01T04:30:00+00:00,85737,85923,85689,85906,8.04481875
2025-12-01T04:35:00+00:00,85900,85942,85801,85935,5.79238323
2025-12-01T04:40:00+00:00,85936,86002,85901,85901,4.02206865
2025-12-01T04:45:00+00:00,85890,85923,85872,85872,2.79311727
2025-12-01T04:50:00+00:00,85873,85913,85747,85758,2.83465564
2025-12-01T04:55:00+00:00,85758,85876,85757,85803,6.8639955
2025-12-01T05:00:00+00:00,85806,85923,85745,85853,5.12386892
2025-12-01T05:05:00+00:00,85845,85878,85616,85751,7.75509152
2025-12-01T05:10:00+00:00,85758,85931,85753,85771,7.21021949
2025-12-01T05:15:00+00:00,85771,85837,85714,85714,7.87940096
2025-12-01T05:20:00+00:00,85714,85833,85713,85833,4.31841318
2025-12-01T05:25:00+00:00,85849,86011,85836,86011,4.91499089
2025-12-01T05:30:00+00:00,86009,86009,85865,85890,9.49425475
2025-12-01T05:35:00+00:00,85890,85890,85688,85688,8.78698863
2025-12-01T05:40:00+00:00,85687,85807,85662,85764,3.52052899
2025-12-01T05:45:00+00:00,85764,85980,85764,85978,4.71323659
2025-12-01T05:50:00+00:00,85978,86006,85918,85949,8.27622833
2025-12-01T05:55:00+00:00,85949,86009,85941,86008,5.4806712
2025-12-01T06:00:00+00:00,86008,86219,85982,86154,22.72078178
2025-12-01T06:05:00+00:00,86169,86169,86004,86129,5.32289645
2025-12-01T06:10:00+00:00,86129,86280,86117,86280,2.53713635
2025-12-01T06:15:00+00:00,86280,86280,86073,86073,3.38216144
2025-12-01T06:20:00+00:00,86055,86103,86024,86047,4.04298669
2025-12-01T06:25:00+00:00,86040,86099,86030,86076,1.20145234
2025-12-01T06:30:00+00:00,86068,86092,85986,86076,4.26641423
2025-12-01T06:35:00+00:00,86060,86265,86047,86232,3.08722198
2025-12-01T06:40:00+00:00,86236,86292,86191,86292,1.8207491
2025-12-01T06:45:00+00:00,86270,86355,86263,86290,4.55681219
2025-12-01T06:50:00+00:00,86291,86291,86131,86131,0.84656806
